github_project_relative_path,cve_number
mruby/mruby,CVE-2022-1201
livehelperchat/livehelperchat,CVE-2022-1191
livehelperchat/livehelperchat,CVE-2022-1176
vim/vim,CVE-2022-1160
gpac/gpac,CVE-2022-1172
snipe/snipe-it,CVE-2022-1155
vim/vim,CVE-2022-1154
openemr/openemr,CVE-2022-1181
mruby/mruby,CVE-2022-1106
mruby/mruby,CVE-2022-1071
forkcms/forkcms,CVE-2022-1064
radareorg/radare2,CVE-2022-1061
go-gitea/gitea,CVE-2022-1058
openemr/openemr,CVE-2022-1180
openemr/openemr,CVE-2022-1179
radareorg/radare2,CVE-2022-1052
microweber/microweber,CVE-2022-1036
star7th/showdoc,CVE-2022-1034
crater-invoice/crater,CVE-2022-1033
crater-invoice/crater,CVE-2022-1032
radareorg/radare2,CVE-2022-1031
openemr/openemr,CVE-2022-1177
openemr/openemr,CVE-2022-1178
gpac/gpac,CVE-2022-1035
clusterlabs/pcs,CVE-2022-1049
hestiacp/hestiacp,CVE-2022-0986
getgrav/grav,CVE-2022-0970
microweber/microweber,CVE-2022-0968
star7th/showdoc,CVE-2022-0967
star7th/showdoc,CVE-2022-0966
star7th/showdoc,CVE-2022-0965
star7th/showdoc,CVE-2022-0964
microweber/microweber,CVE-2022-0963
star7th/showdoc,CVE-2022-0962
microweber/microweber,CVE-2022-0961
star7th/showdoc,CVE-2022-0960
star7th/showdoc,CVE-2022-0957
star7th/showdoc,CVE-2022-0956
microweber/microweber,CVE-2022-0954
star7th/showdoc,CVE-2022-0951
star7th/showdoc,CVE-2022-0950
star7th/showdoc,CVE-2022-0946
star7th/showdoc,CVE-2022-0945
sqlpad/sqlpad,CVE-2022-0944
vim/vim,CVE-2022-0943
star7th/showdoc,CVE-2022-0942
star7th/showdoc,CVE-2022-0941
star7th/showdoc,CVE-2022-0940
star7th/showdoc,CVE-2022-0938
star7th/showdoc,CVE-2022-0937
pylons/waitress,CVE-2022-24761
admidio/admidio,CVE-2022-0991
gogs/gogs,CVE-2022-0415
microweber/microweber,CVE-2022-0930
microweber/microweber,CVE-2022-0929
microweber/microweber,CVE-2022-0928
microweber/microweber,CVE-2022-0926
microweber/microweber,CVE-2022-0921
microweber/microweber,CVE-2022-0913
microweber/microweber,CVE-2022-0912
pimcore/pimcore,CVE-2022-0911
bareos/bareos,CVE-2022-24755
prasathmani/tinyfilemanager,CVE-2022-1000
microweber/microweber,CVE-2022-0906
go-gitea/gitea,CVE-2022-0905
microweber/microweber,CVE-2022-0896
microweber/microweber,CVE-2022-0895
pimcore/pimcore,CVE-2022-0894
pimcore/pimcore,CVE-2022-0893
pimcore/data-hub,CVE-2022-0955
mruby/mruby,CVE-2022-0890
mineweb/minewebcms,CVE-2022-1163
chocobozzz/peertube,CVE-2022-0881
star7th/showdoc,CVE-2022-0880
bookstackapp/bookstack,CVE-2022-0877
gogs/gogs,CVE-2022-0871
gogs/gogs,CVE-2022-0870
medialize/uri.js,CVE-2022-0868
cobbler/cobbler,CVE-2022-0860
radareorg/radare2,CVE-2022-0849
pytorchlightning/pytorch-lightning,CVE-2022-0845
liquibase/liquibase,CVE-2022-0839
medialize/uri.js,CVE-2022-24723
hestiacp/hestiacp,CVE-2022-0838
pimcore/pimcore,CVE-2022-0832
pimcore/pimcore,CVE-2022-0831
ljharb/npm-lockfile,CVE-2022-0841
orchardcms/orchardcore,CVE-2022-0822
orchardcms/orchardcore,CVE-2022-0821
orchardcms/orchardcore,CVE-2022-0820
part-db/part-db,CVE-2022-0848
microweber-dev/whmcs_plugin,CVE-2022-0855
dolibarr/dolibarr,CVE-2022-0819
microweber/microweber,CVE-2022-0777
hakimel/reveal.js,CVE-2022-0776
librenms/librenms,CVE-2022-0772
rudloff/alltube,CVE-2022-0768
janeczku/calibre-web,CVE-2022-0767
janeczku/calibre-web,CVE-2022-0766
strapi/strapi,CVE-2022-0764
microweber/microweber,CVE-2022-0763
microweber/microweber,CVE-2022-0762
hestiacp/hestiacp,CVE-2022-0753
hestiacp/hestiacp,CVE-2022-0752
dolibarr/dolibarr,CVE-2022-0746
getgrav/grav,CVE-2022-0743
radareorg/radare2,CVE-2022-0695
mlflow/mlflow,CVE-2022-0736
nitely/spirit,CVE-2022-0869
dolibarr/dolibarr,CVE-2022-0731
vim/vim,CVE-2022-0729
chocobozzz/peertube,CVE-2022-0727
chocobozzz/peertube,CVE-2022-0726
microweber/microweber,CVE-2022-0724
microweber/microweber,CVE-2022-0723
microweber/microweber,CVE-2022-0721
microweber/microweber,CVE-2022-0719
mruby/mruby,CVE-2022-0717
vim/vim,CVE-2022-0714
radareorg/radare2,CVE-2022-0713
radareorg/radare2,CVE-2022-0712
pimcore/pimcore,CVE-2022-0705
pimcore/pimcore,CVE-2022-0704
archivy/archivy,CVE-2022-0697
webmin/webmin,CVE-2022-0824
vim/vim,CVE-2022-0696
radareorg/radare2,CVE-2022-0476
rudloff/alltube,CVE-2022-0692
unshiftio/url-parse,CVE-2022-0691
webmin/webmin,CVE-2022-0829
microweber/microweber,CVE-2022-0690
microweber/microweber,CVE-2022-0689
microweber/microweber,CVE-2022-0688
unshiftio/url-parse,CVE-2022-0686
vim/vim,CVE-2022-0685
salesagility/suitecrm,CVE-2022-0754
salesagility/suitecrm,CVE-2022-0755
salesagility/suitecrm,CVE-2022-0756
microweber/microweber,CVE-2022-0678
radareorg/radare2,CVE-2022-0676
microweber/microweber,CVE-2022-0666
pimcore/pimcore,CVE-2022-0665
gravitl/netmaker,CVE-2022-0664
microweber/microweber,CVE-2022-0660
fgribreau/node-request-retry,CVE-2022-0654
zulip/zulip,CVE-2021-3967
unshiftio/url-parse,CVE-2022-0639
microweber/microweber,CVE-2022-0638
mruby/mruby,CVE-2022-0632
mruby/mruby,CVE-2022-0631
mruby/mruby,CVE-2022-0630
vim/vim,CVE-2022-0629
mruby/mruby,CVE-2022-0623
snipe/snipe-it,CVE-2022-0622
mruby/mruby,CVE-2022-0614
medialize/uri.js,CVE-2022-0613
livehelperchat/livehelperchat,CVE-2022-0612
snipe/snipe-it,CVE-2022-0611
microweber/microweber,CVE-2022-0597
microweber/microweber,CVE-2022-0596
librenms/librenms,CVE-2022-0589
librenms/librenms,CVE-2022-0588
librenms/librenms,CVE-2022-0587
librenms/librenms,CVE-2022-0580
snipe/snipe-it,CVE-2022-0579
scrapy/scrapy,CVE-2022-0577
librenms/librenms,CVE-2022-0576
librenms/librenms,CVE-2022-0575
vim/vim,CVE-2022-0572
phoronix-test-suite/phoronix-test-suite,CVE-2022-0571
mruby/mruby,CVE-2022-0570
snipe/snipe-it,CVE-2022-0569
pimcore/pimcore,CVE-2022-0565
microweber/microweber,CVE-2022-0560
radareorg/radare2,CVE-2022-0559
microweber/microweber,CVE-2022-0558
microweber/microweber,CVE-2022-0557
vim/vim,CVE-2022-0554
ptrofimov/beanstalk_console,CVE-2022-0539
follow-redirects/follow-redirects,CVE-2022-0536
transloadit/uppy,CVE-2022-0528
chatwoot/chatwoot,CVE-2022-0527
chatwoot/chatwoot,CVE-2022-0526
mruby/mruby,CVE-2022-0525
publify/publify,CVE-2022-0524
radareorg/radare2,CVE-2022-0523
radareorg/radare2,CVE-2022-0522
radareorg/radare2,CVE-2022-0521
radareorg/radare2,CVE-2022-0520
radareorg/radare2,CVE-2022-0519
radareorg/radare2,CVE-2022-0518
crater-invoice/crater,CVE-2022-0515
crater-invoice/crater,CVE-2022-0514
unshiftio/url-parse,CVE-2022-0512
pimcore/pimcore,CVE-2022-0510
pimcore/pimcore,CVE-2022-0509
chocobozzz/peertube,CVE-2022-0508
microweber/microweber,CVE-2022-0506
microweber/microweber,CVE-2022-0505
microweber/microweber,CVE-2022-0504
livehelperchat/livehelperchat,CVE-2022-0502
ptrofimov/beanstalk_console,CVE-2022-0501
alextselegidis/easyappointments,CVE-2022-0482
mruby/mruby,CVE-2022-0481
jsdecena/laracom,CVE-2022-0472
gpac/gpac,CVE-2021-4043
vim/vim,CVE-2022-0443
karma-runner/karma,CVE-2022-0437
mastodon/mastodon,CVE-2022-0432
httpie/httpie,CVE-2022-0430
radareorg/radare2,CVE-2022-0419
vim/vim,CVE-2022-0417
dolibarr/dolibarr,CVE-2022-0414
vim/vim,CVE-2022-0413
star7th/showdoc,CVE-2022-0409
vim/vim,CVE-2022-0408
vim/vim,CVE-2022-0407
livehelperchat/livehelperchat,CVE-2022-0395
livehelperchat/livehelperchat,CVE-2022-0394
vim/vim,CVE-2022-0393
vim/vim,CVE-2022-0392
saleor/saleor,CVE-2022-0932
livehelperchat/livehelperchat,CVE-2022-0387
microweber/microweber,CVE-2022-0379
microweber/microweber,CVE-2022-0378
livehelperchat/livehelperchat,CVE-2022-0375
livehelperchat/livehelperchat,CVE-2022-0374
crater-invoice/crater,CVE-2022-0372
livehelperchat/livehelperchat,CVE-2022-0370
vim/vim,CVE-2022-0368
star7th/showdoc,CVE-2022-0362
vim/vim,CVE-2022-0361
vim/vim,CVE-2022-0359
feross/simple-get,CVE-2022-0355
janeczku/calibre-web,CVE-2022-0352
vim/vim,CVE-2022-0351
vanessa219/vditor,CVE-2022-0350
pimcore/pimcore,CVE-2022-0348
vanessa219/vditor,CVE-2022-0341
janeczku/calibre-web,CVE-2022-0339
delgan/loguru,CVE-2022-0338
mruby/mruby,CVE-2022-0326
bobthecow/mustache.php,CVE-2022-0323
vim/vim,CVE-2022-0319
vim/vim,CVE-2022-0318
horovod/horovod,CVE-2022-0315
pimcore/pimcore,CVE-2022-0285
microweber/microweber,CVE-2022-0282
microweber/microweber,CVE-2022-0281
microweber/microweber,CVE-2022-0278
microweber/microweber,CVE-2022-0277
orchardcms/orchardcore,CVE-2022-0274
janeczku/calibre-web,CVE-2022-0273
yetiforcecompany/yetiforcecrm,CVE-2022-0269
getgrav/grav,CVE-2022-0268
livehelperchat/livehelperchat,CVE-2022-0266
hazelcast/hazelcast,CVE-2022-0265
pimcore/pimcore,CVE-2022-0263
pimcore/pimcore,CVE-2022-0262
vim/vim,CVE-2022-0261
pimcore/pimcore,CVE-2022-0260
pimcore/pimcore,CVE-2022-0258
pimcore/pimcore,CVE-2022-0257
pimcore/pimcore,CVE-2022-0256
icecoder/icecoder,CVE-2021-3862
livehelperchat/livehelperchat,CVE-2022-0253
pimcore/pimcore,CVE-2022-0251
livehelperchat/livehelperchat,CVE-2022-0245
orchardcms/orchardcore,CVE-2022-0243
crater-invoice/crater,CVE-2022-0242
mruby/mruby,CVE-2022-0240
stanfordnlp/corenlp,CVE-2022-0239
phoronix-test-suite/phoronix-test-suite,CVE-2022-0238
node-fetch/node-fetch,CVE-2022-0235
livehelperchat/livehelperchat,CVE-2022-0231
chaskiq/chaskiq,CVE-2021-3857
silverstripe/silverstripe-framework,CVE-2022-0227
livehelperchat/livehelperchat,CVE-2022-0226
dolibarr/dolibarr,CVE-2022-0224
skylot/jadx,CVE-2022-0219
chaskiq/chaskiq,CVE-2021-3853
vim/vim,CVE-2022-0213
crater-invoice/crater,CVE-2022-0203
stanfordnlp/corenlp,CVE-2022-0198
phoronix-test-suite/phoronix-test-suite,CVE-2022-0197
phoronix-test-suite/phoronix-test-suite,CVE-2022-0196
konloch/bytecode-viewer,CVE-2022-21675
snipe/snipe-it,CVE-2022-0179
snipe/snipe-it,CVE-2022-0178
dolibarr/dolibarr,CVE-2022-0174
radareorg/radare2,CVE-2022-0173
chocobozzz/peertube,CVE-2022-0170
orchardcms/orchardcore,CVE-2022-0159
vim/vim,CVE-2022-0158
phoronix-test-suite/phoronix-test-suite,CVE-2022-0157
adodb/adodb,CVE-2021-3850
vim/vim,CVE-2022-0156
zulip/zulip,CVE-2021-3866
follow-redirects/follow-redirects,CVE-2022-0155
forkcms/forkcms,CVE-2022-0153
tensorflow/tensorflow,CVE-2022-23563
forkcms/forkcms,CVE-2022-0145
shelljs/shelljs,CVE-2022-0144
radareorg/radare2,CVE-2022-0139
chocobozzz/peertube,CVE-2022-0133
chocobozzz/peertube,CVE-2022-0132
vim/vim,CVE-2022-0128
digitalbazaar/forge,CVE-2022-0122
hoppscotch/hoppscotch,CVE-2022-0121
keystonejs/keystone,CVE-2022-0087
transloadit/uppy,CVE-2022-0086
livehelperchat/livehelperchat,CVE-2022-0083
mruby/mruby,CVE-2022-0080
star7th/showdoc,CVE-2022-0079
convos-chat/convos,CVE-2022-21649
bookstackapp/bookstack,CVE-2021-4194
vim/vim,CVE-2021-4193
vim/vim,CVE-2021-4192
convos-chat/convos,CVE-2022-21650
mruby/mruby,CVE-2021-4188
vim/vim,CVE-2021-4187
livehelperchat/livehelperchat,CVE-2021-4179
livehelperchat/livehelperchat,CVE-2021-4177
livehelperchat/livehelperchat,CVE-2021-4176
livehelperchat/livehelperchat,CVE-2021-4175
vim/vim,CVE-2021-4173
star7th/showdoc,CVE-2021-4172
janeczku/calibre-web,CVE-2021-4171
janeczku/calibre-web,CVE-2021-4170
livehelperchat/livehelperchat,CVE-2021-4169
star7th/showdoc,CVE-2021-4168
vim/vim,CVE-2021-4166
janeczku/calibre-web,CVE-2021-4164
archivy/archivy,CVE-2021-4162
pimcore/pimcore,CVE-2021-4146
bigbluebutton/bigbluebutton,CVE-2021-4143
pimcore/pimcore,CVE-2021-4139
vim/vim,CVE-2021-4136
livehelperchat/livehelperchat,CVE-2021-4132
livehelperchat/livehelperchat,CVE-2021-4131
snipe/snipe-it,CVE-2021-4130
netristv/ws-scrcpy,CVE-2021-3845
meetecho/janus-gateway,CVE-2021-4124
livehelperchat/livehelperchat,CVE-2021-4123
yetiforcecompany/yetiforcecrm,CVE-2021-4121
bookstackapp/bookstack,CVE-2021-4119
pytorchlightning/pytorch-lightning,CVE-2021-4118
yetiforcecompany/yetiforcecrm,CVE-2021-4117
yetiforcecompany/yetiforcecrm,CVE-2021-4116
yetiforcecompany/yetiforcecrm,CVE-2021-4111
gnuboard/gnuboard5,CVE-2021-3831
mruby/mruby,CVE-2021-4110
snipe/snipe-it,CVE-2021-4108
yetiforcecompany/yetiforcecrm,CVE-2021-4107
openwhyd/openwhyd,CVE-2021-3837
vanessa219/vditor,CVE-2021-4103
phpservermon/phpservermon,CVE-2021-4097
yetiforcecompany/yetiforcecrm,CVE-2021-4092
openwhyd/openwhyd,CVE-2021-3829
snipe/snipe-it,CVE-2021-4089
pimcore/pimcore,CVE-2021-4084
pimcore/pimcore,CVE-2021-4082
pimcore/pimcore,CVE-2021-4081
crater-invoice/crater,CVE-2021-4080
nltk/nltk,CVE-2021-3842
snipe/snipe-it,CVE-2021-4075
admidio/admidio,CVE-2021-43810
elgg/elgg,CVE-2021-4072
v2fly/v2ray-core,CVE-2021-4070
vim/vim,CVE-2021-4069
livehelperchat/livehelperchat,CVE-2021-4050
livehelperchat/livehelperchat,CVE-2021-4049
fabiocaccamo/utils.js,CVE-2021-3815
kevinpapst/kimai2,CVE-2021-4033
wbce/wbce_cms,CVE-2021-3817
bookstackapp/bookstack,CVE-2021-4026
meetecho/janus-gateway,CVE-2021-4020
vim/vim,CVE-2021-4019
snipe/snipe-it,CVE-2021-4018
star7th/showdoc,CVE-2021-4017
firefly-iii/firefly-iii,CVE-2021-4015
firefly-iii/firefly-iii,CVE-2021-4005
star7th/showdoc,CVE-2021-4000
django-helpdesk/django-helpdesk,CVE-2021-3994
star7th/showdoc,CVE-2021-3993
kevinpapst/kimai2,CVE-2021-3992
dolibarr/dolibarr,CVE-2021-3991
star7th/showdoc,CVE-2021-3990
star7th/showdoc,CVE-2021-3989
janeczku/calibre-web,CVE-2021-3988
janeczku/calibre-web,CVE-2021-3987
janeczku/calibre-web,CVE-2021-3986
kevinpapst/kimai2,CVE-2021-3985
vim/vim,CVE-2021-3984
kevinpapst/kimai2,CVE-2021-3983
elgg/elgg,CVE-2021-3980
invoiceninja/invoiceninja,CVE-2021-3977
kevinpapst/kimai2,CVE-2021-3976
vim/vim,CVE-2021-3974
vim/vim,CVE-2021-3973
vim/vim,CVE-2021-3968
elgg/elgg,CVE-2021-3964
kevinpapst/kimai2,CVE-2021-3963
snipe/snipe-it,CVE-2021-3961
kevinpapst/kimai2,CVE-2021-3957
django-helpdesk/django-helpdesk,CVE-2021-3950
django-helpdesk/django-helpdesk,CVE-2021-3945
bookstackapp/bookstack,CVE-2021-3944
snipe/snipe-it,CVE-2021-3938
ohmyzsh/ohmyzsh,CVE-2021-3934
area17/twill,CVE-2021-3932
snipe/snipe-it,CVE-2021-3931
vim/vim,CVE-2021-3928
vim/vim,CVE-2021-3927
getgrav/grav,CVE-2021-3924
firefly-iii/firefly-iii,CVE-2021-3921
getgrav/grav-plugin-admin,CVE-2021-3920
kriszyp/json-schema,CVE-2021-3918
bookstackapp/bookstack,CVE-2021-3916
bookstackapp/bookstack,CVE-2021-3915
bookstackapp/bookstack,CVE-2021-3906
getgrav/grav,CVE-2021-3904
vim/vim,CVE-2021-3903
yuda-lyu/w-zip,CVE-2022-0401
firefly-iii/firefly-iii,CVE-2021-3901
firefly-iii/firefly-iii,CVE-2021-3900
flatcore/flatcore-cms,CVE-2021-3745
snipe/snipe-it,CVE-2021-3879
stanfordnlp/corenlp,CVE-2021-3878
dbeaver/dbeaver,CVE-2021-3836
ledgersmb/ledgersmb,CVE-2021-3882
vim/vim,CVE-2021-3875
bookstackapp/bookstack,CVE-2021-3874
vim/vim,CVE-2021-3872
weseek/growi,CVE-2021-3852
stanfordnlp/corenlp,CVE-2021-3869
snipe/snipe-it,CVE-2021-3863
snipe/snipe-it,CVE-2021-3858
hoene/libmysofa,CVE-2021-3756
firefly-iii/firefly-iii,CVE-2021-3851
firefly-iii/firefly-iii,CVE-2021-3846
sylius/sylius,CVE-2021-3841
validatorjs/validator.js,CVE-2021-3765
nltk/nltk,CVE-2021-3828
josdejong/jsoneditor,CVE-2021-3822
pksunkara/inflect,CVE-2021-3820
firefly-iii/firefly-iii,CVE-2021-3819
getgrav/grav,CVE-2021-3818
bfabiszewski/libmobi,CVE-2021-3889
bfabiszewski/libmobi,CVE-2021-3881
bfabiszewski/libmobi,CVE-2021-3888
chatwoot/chatwoot,CVE-2021-3813
cdr/code-server,CVE-2021-3810
chalk/ansi-regex,CVE-2021-3807
mariocasciaro/object-path,CVE-2021-3805
nervjs/taro,CVE-2021-3804
fb55/nth-check,CVE-2021-3803
prismjs/prism,CVE-2021-3801
getgrav/grav-plugin-admin,CVE-2021-3799
bfabiszewski/libmobi,CVE-2021-3751
jonschlinkert/set-value,CVE-2021-23435
vim/vim,CVE-2021-3796
pi-hole/adminlte,CVE-2021-3706
sindresorhus/semver-regex,CVE-2021-3795
vuelidate/vuelidate,CVE-2021-3794
hestiacp/hestiacp,CVE-2021-3797
yourls/yourls,CVE-2021-3785
yourls/yourls,CVE-2021-3783
viking04/merge,CVE-2021-3645
chocobozzz/peertube,CVE-2021-3780
btcpayserver/btcpayserver,CVE-2021-3646
vim/vim,CVE-2021-3778
daaku/nodejs-tmpl,CVE-2021-3777
pi-hole/adminlte,CVE-2021-3812
pi-hole/adminlte,CVE-2021-3811
star7th/showdoc,CVE-2021-3776
star7th/showdoc,CVE-2021-3775
btcpayserver/btcpayserver,CVE-2021-3830
vim/vim,CVE-2021-3770
bookstackapp/bookstack,CVE-2021-3768
bookstackapp/bookstack,CVE-2021-3767
vincit/objection.js,CVE-2021-3766
zmister2016/mrdoc,CVE-2021-32568
bookstackapp/bookstack,CVE-2021-3758
immerjs/immer,CVE-2021-3757
axios/axios,CVE-2021-3749
yourls/yourls,CVE-2021-3734
firefly-iii/firefly-iii,CVE-2021-3730
firefly-iii/firefly-iii,CVE-2021-3729
firefly-iii/firefly-iii,CVE-2021-3728
yiisoft/yii2,CVE-2021-3692
yiisoft/yii2,CVE-2021-3689
star7th/showdoc,CVE-2021-3683
star7th/showdoc,CVE-2021-3680
star7th/showdoc,CVE-2021-3678
unshiftio/url-parse,CVE-2021-3664
firefly-iii/firefly-iii,CVE-2021-3663
mout/mout,CVE-2020-7792
chatwoot/chatwoot,CVE-2021-3649
medialize/uri.js,CVE-2021-3647
phpmailer/phpmailer,CVE-2021-3603
dominictarr/libnested,CVE-2020-28283
microweber/microweber,CVE-2020-23138
fiznool/body-parser-xml,CVE-2021-3666
robinvdvleuten/shvl,CVE-2020-28278
frenchbread/private-ip,CVE-2020-28360
sterlp/svg2png,CVE-2020-11887
azure/ms-rest-nodeauth,CVE-2021-28458
js-data/js-data,CVE-2020-28442
facebook/create-react-app,CVE-2021-24033
sebhildebrandt/systeminformation,CVE-2021-21315
sebhildebrandt/systeminformation,CVE-2021-21388
ciur/papermerge,CVE-2020-29456
tandrewnichols/safe-obj,CVE-2021-25928
geta/nestedobjectassign,CVE-2021-23329
lukeed/dset,CVE-2020-28277
quernest/arr-flatten-unflatten,CVE-2020-7713
microsoft/qlib,CVE-2021-23338
react-atomic/react-atomic-organism,CVE-2020-28281
apexcharts/apexcharts.js,CVE-2021-23327
grpc/grpc-node,CVE-2020-7768
microsoft/nni,CVE-2021-31200
evangelion1204/multi-ini,CVE-2020-28448
b-heilman/bmoor,CVE-2020-7736
s-cart/core,CVE-2020-28456
jsdecena/laracom,CVE-2019-15489
yeikos/js.merge,CVE-2020-28499
yargs/y18n,CVE-2020-7774
mariocasciaro/object-path,CVE-2020-15256
monicahq/monica,CVE-2020-35660
kvz/locutus,CVE-2020-7700
locutusjs/locutus,CVE-2020-7719
zamotany/logkitty,CVE-2020-8149
mruby/mruby,CVE-2021-46020
mruby/mruby,CVE-2020-36401
mruby/mruby,CVE-2020-15866
mruby/mruby,CVE-2017-9527
mruby/mruby,CVE-2020-6838
mruby/mruby,CVE-2020-6839
mruby/mruby,CVE-2020-6840
mruby/mruby,CVE-2018-12248
mruby/mruby,CVE-2018-14337
mruby/mruby,CVE-2018-12249
mruby/mruby,CVE-2018-12247
mruby/mruby,CVE-2018-11743
mruby/mruby,CVE-2017-0898
mruby/mruby,CVE-2018-10199
mruby/mruby,CVE-2018-10191
phpipam/phpipam,CVE-2021-46426
phpipam/phpipam,CVE-2022-23046
phpipam/phpipam,CVE-2022-23045
phpipam/phpipam,CVE-2021-35438
phpipam/phpipam,CVE-2020-13225
phpipam/phpipam,CVE-2019-16692
phpipam/phpipam,CVE-2019-16696
phpipam/phpipam,CVE-2019-16695
phpipam/phpipam,CVE-2019-16694
phpipam/phpipam,CVE-2019-16693
phpipam/phpipam,CVE-2019-1000010
phpipam/phpipam,CVE-2018-1000860
phpipam/phpipam,CVE-2018-1000869
phpipam/phpipam,CVE-2018-1000870
phpipam/phpipam,CVE-2018-10329
phpipam/phpipam,CVE-2017-15640
phpipam/phpipam,CVE-2017-6481
gpac/gpac,CVE-2021-44926
gpac/gpac,CVE-2021-44919
gpac/gpac,CVE-2022-24576
gpac/gpac,CVE-2022-24575
gpac/gpac,CVE-2022-26967
gpac/gpac,CVE-2022-24249
gpac/gpac,CVE-2021-46313
gpac/gpac,CVE-2021-46311
gpac/gpac,CVE-2021-46240
gpac/gpac,CVE-2021-46239
gpac/gpac,CVE-2021-46238
gpac/gpac,CVE-2021-46237
gpac/gpac,CVE-2021-46234
gpac/gpac,CVE-2021-46236
gpac/gpac,CVE-2021-45767
gpac/gpac,CVE-2021-45764
gpac/gpac,CVE-2021-45762
gpac/gpac,CVE-2021-45763
gpac/gpac,CVE-2021-45760
gpac/gpac,CVE-2021-36414
gpac/gpac,CVE-2021-36412
gpac/gpac,CVE-2020-25427
gpac/gpac,CVE-2021-36417
gpac/gpac,CVE-2021-40576
gpac/gpac,CVE-2021-40575
gpac/gpac,CVE-2021-40574
gpac/gpac,CVE-2021-40573
gpac/gpac,CVE-2021-40572
gpac/gpac,CVE-2021-40571
gpac/gpac,CVE-2021-40570
gpac/gpac,CVE-2021-40569
gpac/gpac,CVE-2021-40568
gpac/gpac,CVE-2021-40567
gpac/gpac,CVE-2021-40566
gpac/gpac,CVE-2021-40565
gpac/gpac,CVE-2021-40564
gpac/gpac,CVE-2021-40563
gpac/gpac,CVE-2021-40562
gpac/gpac,CVE-2021-40559
gpac/gpac,CVE-2021-46045
gpac/gpac,CVE-2021-46046
gpac/gpac,CVE-2021-46047
gpac/gpac,CVE-2021-46049
gpac/gpac,CVE-2021-46051
gpac/gpac,CVE-2021-46044
gpac/gpac,CVE-2021-46043
gpac/gpac,CVE-2021-46042
gpac/gpac,CVE-2021-46041
gpac/gpac,CVE-2021-46040
gpac/gpac,CVE-2021-46039
gpac/gpac,CVE-2021-46038
gpac/gpac,CVE-2021-45831
gpac/gpac,CVE-2021-45288
gpac/gpac,CVE-2019-20171
gpac/gpac,CVE-2021-45289
gpac/gpac,CVE-2021-45291
gpac/gpac,CVE-2021-45292
gpac/gpac,CVE-2021-45259
gpac/gpac,CVE-2021-45258
gpac/gpac,CVE-2021-45263
gpac/gpac,CVE-2021-45267
gpac/gpac,CVE-2021-45260
gpac/gpac,CVE-2021-45262
gpac/gpac,CVE-2021-45297
gpac/gpac,CVE-2021-44918
gpac/gpac,CVE-2021-44920
gpac/gpac,CVE-2021-44927
gpac/gpac,CVE-2021-44925
gpac/gpac,CVE-2021-44924
gpac/gpac,CVE-2021-44923
gpac/gpac,CVE-2021-44921
gpac/gpac,CVE-2021-44922
gpac/gpac,CVE-2021-45266
gpac/gpac,CVE-2020-22673
gpac/gpac,CVE-2020-22679
gpac/gpac,CVE-2020-22678
gpac/gpac,CVE-2020-22677
gpac/gpac,CVE-2020-22675
gpac/gpac,CVE-2020-22674
gpac/gpac,CVE-2021-41456
gpac/gpac,CVE-2021-41457
gpac/gpac,CVE-2021-41459
gpac/gpac,CVE-2021-32268
gpac/gpac,CVE-2021-32271
gpac/gpac,CVE-2021-32270
gpac/gpac,CVE-2021-32269
gpac/gpac,CVE-2020-23269
gpac/gpac,CVE-2020-23267
gpac/gpac,CVE-2020-23266
gpac/gpac,CVE-2021-32139
gpac/gpac,CVE-2021-32138
gpac/gpac,CVE-2021-33366
gpac/gpac,CVE-2021-33365
gpac/gpac,CVE-2021-33363
gpac/gpac,CVE-2021-33361
gpac/gpac,CVE-2021-33364
gpac/gpac,CVE-2021-33362
gpac/gpac,CVE-2021-32136
gpac/gpac,CVE-2021-32137
gpac/gpac,CVE-2021-32134
gpac/gpac,CVE-2021-32135
gpac/gpac,CVE-2021-32132
gpac/gpac,CVE-2020-19751
gpac/gpac,CVE-2020-19750
gpac/gpac,CVE-2021-32438
gpac/gpac,CVE-2021-32439
gpac/gpac,CVE-2021-32440
gpac/gpac,CVE-2021-32437
gpac/gpac,CVE-2021-36584
gpac/gpac,CVE-2020-24829
gpac/gpac,CVE-2020-22352
gpac/gpac,CVE-2020-19488
gpac/gpac,CVE-2020-19481
gpac/gpac,CVE-2019-11221
gpac/gpac,CVE-2019-11222
gpac/gpac,CVE-2019-20159
gpac/gpac,CVE-2020-35982
gpac/gpac,CVE-2020-35981
gpac/gpac,CVE-2020-35980
gpac/gpac,CVE-2020-35979
gpac/gpac,CVE-2020-23930
gpac/gpac,CVE-2020-23928
gpac/gpac,CVE-2020-23931
gpac/gpac,CVE-2020-23932
gpac/gpac,CVE-2021-31254
gpac/gpac,CVE-2021-31257
gpac/gpac,CVE-2021-31256
gpac/gpac,CVE-2021-31255
gpac/gpac,CVE-2021-31261
gpac/gpac,CVE-2021-31260
gpac/gpac,CVE-2021-31259
gpac/gpac,CVE-2021-31258
gpac/gpac,CVE-2021-30015
gpac/gpac,CVE-2021-30014
gpac/gpac,CVE-2021-29279
gpac/gpac,CVE-2021-31262
gpac/gpac,CVE-2021-30199
gpac/gpac,CVE-2021-30022
gpac/gpac,CVE-2021-30020
gpac/gpac,CVE-2021-30019
gpac/gpac,CVE-2021-28300
gpac/gpac,CVE-2018-21017
gpac/gpac,CVE-2019-12483
gpac/gpac,CVE-2020-11558
gpac/gpac,CVE-2019-20632
gpac/gpac,CVE-2019-20631
gpac/gpac,CVE-2019-20630
gpac/gpac,CVE-2019-20629
gpac/gpac,CVE-2019-20628
gpac/gpac,CVE-2019-20208
gpac/gpac,CVE-2019-20170
gpac/gpac,CVE-2019-20165
gpac/gpac,CVE-2019-20163
gpac/gpac,CVE-2019-20162
gpac/gpac,CVE-2019-20161
gpac/gpac,CVE-2019-13618
gpac/gpac,CVE-2018-21016
gpac/gpac,CVE-2018-21015
gpac/gpac,CVE-2020-6630
gpac/gpac,CVE-2020-6631
gpac/gpac,CVE-2019-20164
gpac/gpac,CVE-2019-20166
gpac/gpac,CVE-2019-20167
gpac/gpac,CVE-2019-20169
gpac/gpac,CVE-2019-20168
gpac/gpac,CVE-2019-20160
gpac/gpac,CVE-2019-12482
gpac/gpac,CVE-2019-12481
gpac/gpac,CVE-2018-20760
gpac/gpac,CVE-2018-7752
gpac/gpac,CVE-2018-20763
gpac/gpac,CVE-2018-20762
gpac/gpac,CVE-2018-20761
gpac/gpac,CVE-2018-1000100
gpac/gpac,CVE-2018-13006
gpac/gpac,CVE-2018-13005
livehelperchat/livehelperchat,CVE-2020-26135
livehelperchat/livehelperchat,CVE-2020-26134
getgrav/grav,CVE-2021-29440
getgrav/grav,CVE-2020-11529
getgrav/grav,CVE-2021-21425
getgrav/grav,CVE-2021-29439
getgrav/grav,CVE-2019-16126
vim/vim,CVE-2019-20807
vim/vim,CVE-2017-17087
vim/vim,CVE-2021-28832
vim/vim,CVE-2019-20079
vim/vim,CVE-2018-20786
vim/vim,CVE-2019-12735
vim/vim,CVE-2017-5953
vim/vim,CVE-2017-6350
vim/vim,CVE-2017-6349
vim/vim,CVE-2016-1248
snipe/snipe-it,CVE-2019-10118
snipe/snipe-it,CVE-2016-10744
openemr/openemr,CVE-2022-25471
openemr/openemr,CVE-2019-14530
openemr/openemr,CVE-2018-15152
openemr/openemr,CVE-2018-15139
openemr/openemr,CVE-2021-25923
openemr/openemr,CVE-2021-25917
openemr/openemr,CVE-2021-25918
openemr/openemr,CVE-2021-25922
openemr/openemr,CVE-2021-25919
openemr/openemr,CVE-2021-25921
openemr/openemr,CVE-2021-25920
openemr/openemr,CVE-2017-6394
openemr/openemr,CVE-2019-17409
openemr/openemr,CVE-2019-16862
openemr/openemr,CVE-2019-17179
openemr/openemr,CVE-2019-17197
openemr/openemr,CVE-2017-12064
openemr/openemr,CVE-2018-10572
openemr/openemr,CVE-2018-10573
openemr/openemr,CVE-2019-14529
openemr/openemr,CVE-2018-17181
openemr/openemr,CVE-2018-17179
openemr/openemr,CVE-2018-17180
openemr/openemr,CVE-2018-1000218
openemr/openemr,CVE-2018-1000219
openemr/openemr,CVE-2018-15151
openemr/openemr,CVE-2018-15150
openemr/openemr,CVE-2018-15149
openemr/openemr,CVE-2018-15148
openemr/openemr,CVE-2018-15147
openemr/openemr,CVE-2018-15146
openemr/openemr,CVE-2018-15140
openemr/openemr,CVE-2018-15142
openemr/openemr,CVE-2018-15141
openemr/openemr,CVE-2018-15143
openemr/openemr,CVE-2018-15144
openemr/openemr,CVE-2018-15145
openemr/openemr,CVE-2018-15154
openemr/openemr,CVE-2018-15153
openemr/openemr,CVE-2018-15155
openemr/openemr,CVE-2018-15156
openemr/openemr,CVE-2014-5462
openemr/openemr,CVE-2018-9250
openemr/openemr,CVE-2018-10571
forkcms/forkcms,CVE-2021-28931
forkcms/forkcms,CVE-2020-23960
forkcms/forkcms,CVE-2020-23263
forkcms/forkcms,CVE-2020-23264
forkcms/forkcms,CVE-2020-13633
forkcms/forkcms,CVE-2014-9470
forkcms/forkcms,CVE-2012-1209
forkcms/forkcms,CVE-2012-5164
forkcms/forkcms,CVE-2012-1207
forkcms/forkcms,CVE-2012-1188
forkcms/forkcms,CVE-2012-1208
radareorg/radare2,CVE-2022-1207
radareorg/radare2,CVE-2021-4021
radareorg/radare2,CVE-2020-15121
radareorg/radare2,CVE-2019-19647
radareorg/radare2,CVE-2021-32613
radareorg/radare2,CVE-2020-24133
radareorg/radare2,CVE-2020-16269
radareorg/radare2,CVE-2020-17487
radareorg/radare2,CVE-2019-16718
radareorg/radare2,CVE-2018-20459
radareorg/radare2,CVE-2018-20458
radareorg/radare2,CVE-2018-20457
radareorg/radare2,CVE-2017-6415
radareorg/radare2,CVE-2018-14017
radareorg/radare2,CVE-2018-14016
radareorg/radare2,CVE-2018-14015
radareorg/radare2,CVE-2019-19590
go-gitea/gitea,CVE-2021-29134
go-gitea/gitea,CVE-2021-45331
go-gitea/gitea,CVE-2021-45330
go-gitea/gitea,CVE-2021-45329
go-gitea/gitea,CVE-2021-45325
go-gitea/gitea,CVE-2021-45326
go-gitea/gitea,CVE-2021-45327
go-gitea/gitea,CVE-2021-45328
go-gitea/gitea,CVE-2021-28378
go-gitea/gitea,CVE-2020-14144
go-gitea/gitea,CVE-2021-3382
go-gitea/gitea,CVE-2019-11229
go-gitea/gitea,CVE-2020-28991
go-gitea/gitea,CVE-2019-1000002
go-gitea/gitea,CVE-2019-11576
go-gitea/gitea,CVE-2020-13246
go-gitea/gitea,CVE-2019-1010261
go-gitea/gitea,CVE-2019-1010314
go-gitea/gitea,CVE-2019-11228
go-gitea/gitea,CVE-2018-18926
go-gitea/gitea,CVE-2018-1000803
go-gitea/gitea,CVE-2018-15192
microweber/microweber,CVE-2020-28337
microweber/microweber,CVE-2020-13405
microweber/microweber,CVE-2018-19917
microweber/microweber,CVE-2018-1000826
microweber/microweber,CVE-2018-17104
microweber/microweber,CVE-2014-9464
microweber/microweber,CVE-2013-5984
star7th/showdoc,CVE-2021-36440
star7th/showdoc,CVE-2018-19620
star7th/showdoc,CVE-2018-19433
star7th/showdoc,CVE-2018-16342
tsolucio/corebos,CVE-2018-1000547
clusterlabs/pcs,CVE-2017-2661
clusterlabs/pcs,CVE-2016-0721
clusterlabs/pcs,CVE-2016-0720
hestiacp/hestiacp,CVE-2021-27231
hestiacp/hestiacp,CVE-2020-10966
pylons/waitress,CVE-2019-16789
pylons/waitress,CVE-2019-16786
pylons/waitress,CVE-2019-16785
pylons/waitress,CVE-2020-5236
pylons/waitress,CVE-2019-16792
admidio/admidio,CVE-2021-32630
admidio/admidio,CVE-2020-11004
admidio/admidio,CVE-2017-8382
gogs/gogs,CVE-2019-14544
gogs/gogs,CVE-2020-14958
gogs/gogs,CVE-2020-9329
gogs/gogs,CVE-2018-20303
gogs/gogs,CVE-2018-18925
gogs/gogs,CVE-2018-17031
gogs/gogs,CVE-2018-16409
gogs/gogs,CVE-2018-15178
gogs/gogs,CVE-2018-15193
alanaktion/phproject,CVE-2020-11011
gnuboard/gnuboard5,CVE-2020-18661
gnuboard/gnuboard5,CVE-2020-18662
gnuboard/gnuboard5,CVE-2020-18663
gnuboard/gnuboard5,CVE-2018-15583
gnuboard/gnuboard5,CVE-2018-18674
gnuboard/gnuboard5,CVE-2018-18678
gnuboard/gnuboard5,CVE-2018-18668
gnuboard/gnuboard5,CVE-2018-18675
gnuboard/gnuboard5,CVE-2018-18672
gnuboard/gnuboard5,CVE-2018-18670
gnuboard/gnuboard5,CVE-2018-18673
gnuboard/gnuboard5,CVE-2018-18671
gnuboard/gnuboard5,CVE-2018-18669
gnuboard/gnuboard5,CVE-2018-18676
gnuboard/gnuboard5,CVE-2018-15584
gnuboard/gnuboard5,CVE-2018-15582
gnuboard/gnuboard5,CVE-2018-15581
gnuboard/gnuboard5,CVE-2018-15580
gnuboard/gnuboard5,CVE-2018-15585
pimcore/pimcore,CVE-2021-39189
pimcore/pimcore,CVE-2021-39170
pimcore/pimcore,CVE-2021-39166
pimcore/pimcore,CVE-2021-37702
pimcore/pimcore,CVE-2021-23405
pimcore/pimcore,CVE-2021-23340
pimcore/pimcore,CVE-2020-26246
pimcore/pimcore,CVE-2020-7759
pimcore/pimcore,CVE-2019-10867
pimcore/pimcore,CVE-2019-10763
pimcore/pimcore,CVE-2019-18981
pimcore/pimcore,CVE-2019-18986
pimcore/pimcore,CVE-2019-18982
pimcore/pimcore,CVE-2019-18985
pimcore/pimcore,CVE-2019-18656
pimcore/pimcore,CVE-2019-16318
pimcore/pimcore,CVE-2019-16317
pimcore/pimcore,CVE-2015-4426
pimcore/pimcore,CVE-2015-4425
bareos/bareos,CVE-2022-24756
bareos/bareos,CVE-2020-11061
bareos/bareos,CVE-2020-4042
prasathmani/tinyfilemanager,CVE-2021-45010
prasathmani/tinyfilemanager,CVE-2021-40964
prasathmani/tinyfilemanager,CVE-2021-40966
prasathmani/tinyfilemanager,CVE-2021-40965
prasathmani/tinyfilemanager,CVE-2020-12103
prasathmani/tinyfilemanager,CVE-2020-12102
prasathmani/tinyfilemanager,CVE-2019-16790
mineweb/minewebcms,CVE-2020-18693
bookstackapp/bookstack,CVE-2020-26260
bookstackapp/bookstack,CVE-2020-26210
bookstackapp/bookstack,CVE-2020-26211
bookstackapp/bookstack,CVE-2020-11055
bookstackapp/bookstack,CVE-2020-5256
bookstackapp/bookstack,CVE-2017-1000462
medialize/uri.js,CVE-2021-27516
medialize/uri.js,CVE-2020-26291
cobbler/cobbler,CVE-2021-45083
cobbler/cobbler,CVE-2021-45082
cobbler/cobbler,CVE-2021-45081
cobbler/cobbler,CVE-2021-40324
cobbler/cobbler,CVE-2021-40323
cobbler/cobbler,CVE-2021-40325
cobbler/cobbler,CVE-2018-1000226
cobbler/cobbler,CVE-2018-1000225
cobbler/cobbler,CVE-2014-3225
cobbler/cobbler,CVE-2017-1000469
cobbler/cobbler,CVE-2009-5021
cobbler/cobbler,CVE-2012-2395
cobbler/cobbler,CVE-2010-4512
cobbler/cobbler,CVE-2010-2235
orchardcms/orchardcore,CVE-2021-25966
dolibarr/dolibarr,CVE-2021-37517
dolibarr/dolibarr,CVE-2021-36625
dolibarr/dolibarr,CVE-2022-22293
dolibarr/dolibarr,CVE-2021-25955
dolibarr/dolibarr,CVE-2021-33618
dolibarr/dolibarr,CVE-2021-25957
dolibarr/dolibarr,CVE-2021-25956
dolibarr/dolibarr,CVE-2021-25954
dolibarr/dolibarr,CVE-2020-12669
dolibarr/dolibarr,CVE-2020-14201
dolibarr/dolibarr,CVE-2020-35136
dolibarr/dolibarr,CVE-2020-14209
dolibarr/dolibarr,CVE-2018-9019
dolibarr/dolibarr,CVE-2018-10092
dolibarr/dolibarr,CVE-2020-14443
dolibarr/dolibarr,CVE-2020-14475
dolibarr/dolibarr,CVE-2020-13094
dolibarr/dolibarr,CVE-2013-2093
dolibarr/dolibarr,CVE-2013-2091
dolibarr/dolibarr,CVE-2013-2092
dolibarr/dolibarr,CVE-2019-15062
dolibarr/dolibarr,CVE-2019-1010016
dolibarr/dolibarr,CVE-2018-16809
dolibarr/dolibarr,CVE-2018-16808
dolibarr/dolibarr,CVE-2018-19998
dolibarr/dolibarr,CVE-2018-19994
dolibarr/dolibarr,CVE-2018-19992
dolibarr/dolibarr,CVE-2018-19993
dolibarr/dolibarr,CVE-2018-19995
dolibarr/dolibarr,CVE-2011-4814
dolibarr/dolibarr,CVE-2011-4802
dolibarr/dolibarr,CVE-2018-13449
dolibarr/dolibarr,CVE-2018-13450
dolibarr/dolibarr,CVE-2018-13447
dolibarr/dolibarr,CVE-2018-13448
dolibarr/dolibarr,CVE-2018-10094
dolibarr/dolibarr,CVE-2018-10095
dolibarr/dolibarr,CVE-2017-1000509
dolibarr/dolibarr,CVE-2017-17971
dolibarr/dolibarr,CVE-2017-17900
dolibarr/dolibarr,CVE-2017-17899
dolibarr/dolibarr,CVE-2017-17898
dolibarr/dolibarr,CVE-2017-17897
dolibarr/dolibarr,CVE-2017-14239
dolibarr/dolibarr,CVE-2017-14240
dolibarr/dolibarr,CVE-2017-14241
dolibarr/dolibarr,CVE-2017-14242
dolibarr/dolibarr,CVE-2017-14238
dolibarr/dolibarr,CVE-2012-1226
dolibarr/dolibarr,CVE-2017-9435
dolibarr/dolibarr,CVE-2015-8685
dolibarr/dolibarr,CVE-2015-3935
dolibarr/dolibarr,CVE-2016-1912
dolibarr/dolibarr,CVE-2011-4329
librenms/librenms,CVE-2021-44278
librenms/librenms,CVE-2021-44279
librenms/librenms,CVE-2021-44277
librenms/librenms,CVE-2021-43324
librenms/librenms,CVE-2021-31274
librenms/librenms,CVE-2020-15877
librenms/librenms,CVE-2020-35700
librenms/librenms,CVE-2020-15873
librenms/librenms,CVE-2017-16759
librenms/librenms,CVE-2018-20678
librenms/librenms,CVE-2018-18478
rudloff/alltube,CVE-2022-24739
janeczku/calibre-web,CVE-2021-25965
janeczku/calibre-web,CVE-2021-25964
janeczku/calibre-web,CVE-2020-12627
strapi/strapi,CVE-2019-18818
strapi/strapi,CVE-2019-19609
strapi/strapi,CVE-2021-28128
strapi/strapi,CVE-2020-27664
strapi/strapi,CVE-2020-27665
strapi/strapi,CVE-2020-27666
strapi/strapi,CVE-2020-13961
webmin/webmin,CVE-2021-31761
webmin/webmin,CVE-2021-31762
webmin/webmin,CVE-2021-31760
webmin/webmin,CVE-2020-35769
webmin/webmin,CVE-2019-15642
webmin/webmin,CVE-2017-17089
webmin/webmin,CVE-2017-15646
webmin/webmin,CVE-2017-15644
webmin/webmin,CVE-2017-15645
webmin/webmin,CVE-2017-9313
webmin/webmin,CVE-2017-2106
webmin/webmin,CVE-2012-2983
webmin/webmin,CVE-2012-2982
webmin/webmin,CVE-2012-2981
webmin/webmin,CVE-2011-1937
mautic/mautic,CVE-2021-27911
mautic/mautic,CVE-2021-27910
mautic/mautic,CVE-2021-27909
mautic/mautic,CVE-2021-27912
mautic/mautic,CVE-2021-27913
mautic/mautic,CVE-2021-27908
mautic/mautic,CVE-2020-35125
mautic/mautic,CVE-2020-35124
mautic/mautic,CVE-2018-11198
mautic/mautic,CVE-2017-1000488
mautic/mautic,CVE-2017-1000489
mautic/mautic,CVE-2017-1000490
mautic/mautic,CVE-2017-8874
mautic/mautic,CVE-2018-8092
mautic/mautic,CVE-2018-11200
mautic/mautic,CVE-2018-10189
mautic/mautic,CVE-2018-8071
mautic/mautic,CVE-2017-1000506
unshiftio/url-parse,CVE-2021-27515
unshiftio/url-parse,CVE-2018-3774
salesagility/suitecrm,CVE-2021-41597
salesagility/suitecrm,CVE-2021-41596
salesagility/suitecrm,CVE-2021-41595
salesagility/suitecrm,CVE-2021-41869
salesagility/suitecrm,CVE-2021-25961
salesagility/suitecrm,CVE-2021-25960
salesagility/suitecrm,CVE-2021-39268
salesagility/suitecrm,CVE-2021-39267
salesagility/suitecrm,CVE-2021-31792
salesagility/suitecrm,CVE-2015-5947
salesagility/suitecrm,CVE-2015-5948
gravitl/netmaker,CVE-2022-23650
zulip/zulip,CVE-2022-24751
zulip/zulip,CVE-2022-23656
zulip/zulip,CVE-2022-21706
zulip/zulip,CVE-2021-43799
zulip/zulip,CVE-2021-43791
zulip/zulip,CVE-2021-41115
zulip/zulip,CVE-2019-18933
zulip/zulip,CVE-2019-19775
zulip/zulip,CVE-2017-0910
zulip/zulip,CVE-2017-0881
zulip/zulip,CVE-2017-0896
zulip/zulip,CVE-2019-16216
zulip/zulip,CVE-2019-16215
helloxz/onenav,CVE-2022-26276
helloxz/onenav,CVE-2021-38712
helloxz/onenav,CVE-2021-38138
yeswiki/yeswiki,CVE-2021-43091
yeswiki/yeswiki,CVE-2018-1000641
scrapy/scrapy,CVE-2021-41125
scrapy/scrapy,CVE-2017-14158
publify/publify,CVE-2021-25973
publify/publify,CVE-2021-25975
publify/publify,CVE-2021-25974
log4js-node/log4js-node,CVE-2022-21704
navigatecms/navigate-cms,CVE-2021-44299
navigatecms/navigate-cms,CVE-2021-44351
navigatecms/navigate-cms,CVE-2021-36455
navigatecms/navigate-cms,CVE-2021-36454
navigatecms/navigate-cms,CVE-2021-37478
navigatecms/navigate-cms,CVE-2020-23242
navigatecms/navigate-cms,CVE-2020-23243
navigatecms/navigate-cms,CVE-2021-37475
navigatecms/navigate-cms,CVE-2021-37476
navigatecms/navigate-cms,CVE-2021-37477
navigatecms/navigate-cms,CVE-2021-37473
navigatecms/navigate-cms,CVE-2020-23711
navigatecms/navigate-cms,CVE-2020-23654
navigatecms/navigate-cms,CVE-2020-23655
navigatecms/navigate-cms,CVE-2020-23656
navigatecms/navigate-cms,CVE-2020-23657
navigatecms/navigate-cms,CVE-2020-14927
navigatecms/navigate-cms,CVE-2020-14067
navigatecms/navigate-cms,CVE-2020-13795
navigatecms/navigate-cms,CVE-2020-13796
navigatecms/navigate-cms,CVE-2020-13797
navigatecms/navigate-cms,CVE-2020-13798
navigatecms/navigate-cms,CVE-2018-17553
navigatecms/navigate-cms,CVE-2018-17552
s-cart/core,CVE-2020-28457
s-cart/s-cart,CVE-2021-44111
quickbox/qb,CVE-2021-44981
mostafa-samir/zip-local,CVE-2021-23484
karma-runner/karma,CVE-2021-23495
mastodon/mastodon,CVE-2022-24307
httpie/httpie,CVE-2022-24737
requarks/wiki,CVE-2022-23654
requarks/wiki,CVE-2021-43856
requarks/wiki,CVE-2021-43855
requarks/wiki,CVE-2021-25993
requarks/wiki,CVE-2021-43842
requarks/wiki,CVE-2021-43800
requarks/wiki,CVE-2021-21383
requarks/wiki,CVE-2020-15274
requarks/wiki,CVE-2020-15236
requarks/wiki,CVE-2020-4052
requarks/wiki,CVE-2020-11051
e107inc/e107,CVE-2021-27885
e107inc/e107,CVE-2018-11734
e107inc/e107,CVE-2018-17423
e107inc/e107,CVE-2018-16388
e107inc/e107,CVE-2018-16389
e107inc/e107,CVE-2014-4734
e107inc/e107,CVE-2018-11127
e107inc/e107,CVE-2015-1041
e107inc/e107,CVE-2017-8098
e107inc/e107,CVE-2014-9459
python/cpython,CVE-2021-3737
python/cpython,CVE-2021-3733
python/cpython,CVE-2021-23336
python/cpython,CVE-2021-3177
python/cpython,CVE-2021-29921
python/cpython,CVE-2020-8492
python/cpython,CVE-2019-20907
python/cpython,CVE-2020-14422
python/cpython,CVE-2020-15523
python/cpython,CVE-2020-15801
python/cpython,CVE-2020-27619
python/cpython,CVE-2019-16935
python/cpython,CVE-2019-10160
python/cpython,CVE-2018-1000802
python/cpython,CVE-2018-20406
python/cpython,CVE-2019-9636
python/cpython,CVE-2019-16056
python/cpython,CVE-2019-9948
python/cpython,CVE-2019-9674
python/cpython,CVE-2019-19275
python/cpython,CVE-2019-19274
python/cpython,CVE-2018-1000117
gibbonedu/core,CVE-2022-22868
gibbonedu/core,CVE-2021-40214
projectsend/projectsend,CVE-2021-40888
projectsend/projectsend,CVE-2021-40887
projectsend/projectsend,CVE-2021-40886
projectsend/projectsend,CVE-2021-40884
projectsend/projectsend,CVE-2019-11378
projectsend/projectsend,CVE-2020-28874
zikula/core,CVE-2016-9835
hazelcast/hazelcast,CVE-2016-10750
icecoder/icecoder,CVE-2021-32106
stanfordnlp/corenlp,CVE-2021-44550
node-fetch/node-fetch,CVE-2020-15168
silverstripe/silverstripe-framework,CVE-2021-36150
silverstripe/silverstripe-framework,CVE-2019-16409
silverstripe/silverstripe-framework,CVE-2017-14498
mrdoob/three.js,CVE-2020-28496
dotcms/core,CVE-2020-19138
dotcms/core,CVE-2020-18875
dotcms/core,CVE-2021-35358
dotcms/core,CVE-2021-35360
dotcms/core,CVE-2021-35361
dotcms/core,CVE-2020-17542
dotcms/core,CVE-2020-27848
dotcms/core,CVE-2020-6754
dotcms/core,CVE-2019-12872
dotcms/core,CVE-2019-12309
dotcms/core,CVE-2017-5877
dotcms/core,CVE-2017-5876
dotcms/core,CVE-2017-5875
dotcms/core,CVE-2018-17422
dotcms/core,CVE-2018-16980
dotcms/core,CVE-2017-11466
dotcms/core,CVE-2016-2355
dotcms/core,CVE-2016-8906
dotcms/core,CVE-2016-8905
dotcms/core,CVE-2016-8904
dotcms/core,CVE-2016-8903
dotcms/core,CVE-2016-8902
dotcms/core,CVE-2016-8907
dotcms/core,CVE-2016-8908
dotcms/core,CVE-2016-8600
dotcms/core,CVE-2016-4040
adodb/adodb,CVE-2018-6382
adodb/adodb,CVE-2006-0806
adodb/adodb,CVE-2006-4785
adodb/adodb,CVE-2006-4618
adodb/adodb,CVE-2007-2278
adodb/adodb,CVE-2006-7181
adodb/adodb,CVE-2016-7405
adodb/adodb,CVE-2016-4855
adodb/adodb,CVE-2010-4948
tensorflow/tensorflow,CVE-2022-23590
tensorflow/tensorflow,CVE-2022-23594
tensorflow/tensorflow,CVE-2022-23589
tensorflow/tensorflow,CVE-2022-23588
tensorflow/tensorflow,CVE-2022-23587
tensorflow/tensorflow,CVE-2022-23586
tensorflow/tensorflow,CVE-2022-23585
tensorflow/tensorflow,CVE-2022-23584
tensorflow/tensorflow,CVE-2022-23583
tensorflow/tensorflow,CVE-2022-23572
tensorflow/tensorflow,CVE-2022-23571
tensorflow/tensorflow,CVE-2022-23570
tensorflow/tensorflow,CVE-2022-23566
tensorflow/tensorflow,CVE-2022-23575
tensorflow/tensorflow,CVE-2022-23574
tensorflow/tensorflow,CVE-2022-23573
tensorflow/tensorflow,CVE-2022-23578
tensorflow/tensorflow,CVE-2022-23577
tensorflow/tensorflow,CVE-2022-23576
tensorflow/tensorflow,CVE-2022-23582
tensorflow/tensorflow,CVE-2022-23592
tensorflow/tensorflow,CVE-2022-23595
tensorflow/tensorflow,CVE-2022-23593
tensorflow/tensorflow,CVE-2022-23591
tensorflow/tensorflow,CVE-2022-23581
tensorflow/tensorflow,CVE-2022-23580
tensorflow/tensorflow,CVE-2022-23579
tensorflow/tensorflow,CVE-2022-23557
tensorflow/tensorflow,CVE-2022-23560
tensorflow/tensorflow,CVE-2022-23559
tensorflow/tensorflow,CVE-2022-23558
tensorflow/tensorflow,CVE-2022-23562
tensorflow/tensorflow,CVE-2022-23561
tensorflow/tensorflow,CVE-2022-23564
tensorflow/tensorflow,CVE-2022-23565
tensorflow/tensorflow,CVE-2022-21741
tensorflow/tensorflow,CVE-2022-21740
tensorflow/tensorflow,CVE-2022-21739
tensorflow/tensorflow,CVE-2022-21738
tensorflow/tensorflow,CVE-2022-21737
tensorflow/tensorflow,CVE-2022-23569
tensorflow/tensorflow,CVE-2022-21735
tensorflow/tensorflow,CVE-2022-21734
tensorflow/tensorflow,CVE-2022-21729
tensorflow/tensorflow,CVE-2022-21725
tensorflow/tensorflow,CVE-2022-23568
tensorflow/tensorflow,CVE-2022-23567
tensorflow/tensorflow,CVE-2022-21736
tensorflow/tensorflow,CVE-2022-21733
tensorflow/tensorflow,CVE-2022-21732
tensorflow/tensorflow,CVE-2022-21731
tensorflow/tensorflow,CVE-2022-21730
tensorflow/tensorflow,CVE-2022-21728
tensorflow/tensorflow,CVE-2022-21727
tensorflow/tensorflow,CVE-2022-21726
tensorflow/tensorflow,CVE-2020-15213
tensorflow/tensorflow,CVE-2020-15210
tensorflow/tensorflow,CVE-2020-15207
tensorflow/tensorflow,CVE-2020-15205
tensorflow/tensorflow,CVE-2020-15203
tensorflow/tensorflow,CVE-2020-15202
tensorflow/tensorflow,CVE-2020-15201
tensorflow/tensorflow,CVE-2020-15200
tensorflow/tensorflow,CVE-2020-15199
tensorflow/tensorflow,CVE-2020-15198
tensorflow/tensorflow,CVE-2020-15196
tensorflow/tensorflow,CVE-2020-15195
tensorflow/tensorflow,CVE-2020-15193
tensorflow/tensorflow,CVE-2020-15192
tensorflow/tensorflow,CVE-2020-15191
tensorflow/tensorflow,CVE-2020-15190
tensorflow/tensorflow,CVE-2020-15266
tensorflow/tensorflow,CVE-2021-41225
tensorflow/tensorflow,CVE-2021-41222
tensorflow/tensorflow,CVE-2021-41221
tensorflow/tensorflow,CVE-2021-41227
tensorflow/tensorflow,CVE-2021-41220
tensorflow/tensorflow,CVE-2021-41228
tensorflow/tensorflow,CVE-2021-41218
tensorflow/tensorflow,CVE-2021-41209
tensorflow/tensorflow,CVE-2021-41208
tensorflow/tensorflow,CVE-2021-41207
tensorflow/tensorflow,CVE-2021-41206
tensorflow/tensorflow,CVE-2021-41200
tensorflow/tensorflow,CVE-2021-41199
tensorflow/tensorflow,CVE-2021-41215
tensorflow/tensorflow,CVE-2021-41214
tensorflow/tensorflow,CVE-2021-41219
tensorflow/tensorflow,CVE-2021-41217
tensorflow/tensorflow,CVE-2021-41210
tensorflow/tensorflow,CVE-2021-41201
tensorflow/tensorflow,CVE-2021-41216
tensorflow/tensorflow,CVE-2021-41213
tensorflow/tensorflow,CVE-2021-41204
tensorflow/tensorflow,CVE-2021-41203
tensorflow/tensorflow,CVE-2021-41223
tensorflow/tensorflow,CVE-2021-41224
tensorflow/tensorflow,CVE-2021-41212
tensorflow/tensorflow,CVE-2021-41226
tensorflow/tensorflow,CVE-2021-41211
tensorflow/tensorflow,CVE-2021-41205
tensorflow/tensorflow,CVE-2021-41202
tensorflow/tensorflow,CVE-2021-41198
tensorflow/tensorflow,CVE-2021-41197
tensorflow/tensorflow,CVE-2021-41196
tensorflow/tensorflow,CVE-2021-41195
tensorflow/tensorflow,CVE-2019-16778
tensorflow/tensorflow,CVE-2020-15204
tensorflow/tensorflow,CVE-2020-15206
tensorflow/tensorflow,CVE-2020-15208
tensorflow/tensorflow,CVE-2020-15209
tensorflow/tensorflow,CVE-2020-15211
tensorflow/tensorflow,CVE-2021-37692
tensorflow/tensorflow,CVE-2021-37690
tensorflow/tensorflow,CVE-2021-37668
tensorflow/tensorflow,CVE-2021-37665
tensorflow/tensorflow,CVE-2021-37663
tensorflow/tensorflow,CVE-2021-37672
tensorflow/tensorflow,CVE-2021-37670
tensorflow/tensorflow,CVE-2021-37669
tensorflow/tensorflow,CVE-2021-37677
tensorflow/tensorflow,CVE-2021-37674
tensorflow/tensorflow,CVE-2021-37673
tensorflow/tensorflow,CVE-2021-37679
tensorflow/tensorflow,CVE-2021-37678
tensorflow/tensorflow,CVE-2021-37682
tensorflow/tensorflow,CVE-2021-37685
tensorflow/tensorflow,CVE-2021-37684
tensorflow/tensorflow,CVE-2021-37683
tensorflow/tensorflow,CVE-2021-37691
tensorflow/tensorflow,CVE-2021-37687
tensorflow/tensorflow,CVE-2021-37688
tensorflow/tensorflow,CVE-2021-37689
tensorflow/tensorflow,CVE-2021-37658
tensorflow/tensorflow,CVE-2021-37661
tensorflow/tensorflow,CVE-2021-37662
tensorflow/tensorflow,CVE-2021-37664
tensorflow/tensorflow,CVE-2021-37648
tensorflow/tensorflow,CVE-2021-37675
tensorflow/tensorflow,CVE-2021-37671
tensorflow/tensorflow,CVE-2021-37667
tensorflow/tensorflow,CVE-2021-37666
tensorflow/tensorflow,CVE-2021-37652
tensorflow/tensorflow,CVE-2021-37686
tensorflow/tensorflow,CVE-2021-37681
tensorflow/tensorflow,CVE-2021-37680
tensorflow/tensorflow,CVE-2021-37676
tensorflow/tensorflow,CVE-2021-37640
tensorflow/tensorflow,CVE-2021-37636
tensorflow/tensorflow,CVE-2021-37642
tensorflow/tensorflow,CVE-2021-37639
tensorflow/tensorflow,CVE-2021-37638
tensorflow/tensorflow,CVE-2021-37637
tensorflow/tensorflow,CVE-2021-37660
tensorflow/tensorflow,CVE-2021-37653
tensorflow/tensorflow,CVE-2021-37641
tensorflow/tensorflow,CVE-2021-37635
tensorflow/tensorflow,CVE-2021-37649
tensorflow/tensorflow,CVE-2021-37647
tensorflow/tensorflow,CVE-2021-37643
tensorflow/tensorflow,CVE-2021-37646
tensorflow/tensorflow,CVE-2021-37645
tensorflow/tensorflow,CVE-2021-37644
tensorflow/tensorflow,CVE-2021-37650
tensorflow/tensorflow,CVE-2021-37651
tensorflow/tensorflow,CVE-2021-37654
tensorflow/tensorflow,CVE-2021-37655
tensorflow/tensorflow,CVE-2021-37659
tensorflow/tensorflow,CVE-2021-37656
tensorflow/tensorflow,CVE-2021-37657
tensorflow/tensorflow,CVE-2020-26267
tensorflow/tensorflow,CVE-2021-35958
tensorflow/tensorflow,CVE-2020-15194
tensorflow/tensorflow,CVE-2020-15197
tensorflow/tensorflow,CVE-2020-26269
tensorflow/tensorflow,CVE-2020-15212
tensorflow/tensorflow,CVE-2020-15214
tensorflow/tensorflow,CVE-2020-15265
tensorflow/tensorflow,CVE-2021-29533
tensorflow/tensorflow,CVE-2021-29534
tensorflow/tensorflow,CVE-2021-29538
tensorflow/tensorflow,CVE-2021-29539
tensorflow/tensorflow,CVE-2021-29543
tensorflow/tensorflow,CVE-2021-29544
tensorflow/tensorflow,CVE-2021-29545
tensorflow/tensorflow,CVE-2021-29547
tensorflow/tensorflow,CVE-2021-29549
tensorflow/tensorflow,CVE-2021-29550
tensorflow/tensorflow,CVE-2021-29551
tensorflow/tensorflow,CVE-2021-29552
tensorflow/tensorflow,CVE-2021-29556
tensorflow/tensorflow,CVE-2021-29563
tensorflow/tensorflow,CVE-2021-29617
tensorflow/tensorflow,CVE-2021-29618
tensorflow/tensorflow,CVE-2021-29610
tensorflow/tensorflow,CVE-2021-29608
tensorflow/tensorflow,CVE-2021-29595
tensorflow/tensorflow,CVE-2021-29616
tensorflow/tensorflow,CVE-2021-29583
tensorflow/tensorflow,CVE-2021-29566
tensorflow/tensorflow,CVE-2021-29585
tensorflow/tensorflow,CVE-2021-29587
tensorflow/tensorflow,CVE-2021-29589
tensorflow/tensorflow,CVE-2021-29571
tensorflow/tensorflow,CVE-2021-29568
tensorflow/tensorflow,CVE-2021-29560
tensorflow/tensorflow,CVE-2021-29558
tensorflow/tensorflow,CVE-2021-29546
tensorflow/tensorflow,CVE-2021-29540
tensorflow/tensorflow,CVE-2021-29537
tensorflow/tensorflow,CVE-2021-29536
tensorflow/tensorflow,CVE-2021-29535
tensorflow/tensorflow,CVE-2021-29513
tensorflow/tensorflow,CVE-2021-29514
tensorflow/tensorflow,CVE-2021-29532
tensorflow/tensorflow,CVE-2021-29553
tensorflow/tensorflow,CVE-2021-29614
tensorflow/tensorflow,CVE-2021-29519
tensorflow/tensorflow,CVE-2021-29521
tensorflow/tensorflow,CVE-2021-29522
tensorflow/tensorflow,CVE-2021-29523
tensorflow/tensorflow,CVE-2021-29565
tensorflow/tensorflow,CVE-2021-29564
tensorflow/tensorflow,CVE-2021-29609
tensorflow/tensorflow,CVE-2021-29515
tensorflow/tensorflow,CVE-2021-29517
tensorflow/tensorflow,CVE-2021-29529
tensorflow/tensorflow,CVE-2021-29524
tensorflow/tensorflow,CVE-2021-29541
tensorflow/tensorflow,CVE-2021-29526
tensorflow/tensorflow,CVE-2021-29528
tensorflow/tensorflow,CVE-2021-29516
tensorflow/tensorflow,CVE-2021-29554
tensorflow/tensorflow,CVE-2021-29601
tensorflow/tensorflow,CVE-2021-29518
tensorflow/tensorflow,CVE-2021-29520
tensorflow/tensorflow,CVE-2021-29530
tensorflow/tensorflow,CVE-2021-29527
tensorflow/tensorflow,CVE-2021-29531
tensorflow/tensorflow,CVE-2021-29578
tensorflow/tensorflow,CVE-2021-29579
tensorflow/tensorflow,CVE-2021-29582
tensorflow/tensorflow,CVE-2021-29584
tensorflow/tensorflow,CVE-2021-29577
tensorflow/tensorflow,CVE-2021-29576
tensorflow/tensorflow,CVE-2021-29548
tensorflow/tensorflow,CVE-2021-29572
tensorflow/tensorflow,CVE-2021-29581
tensorflow/tensorflow,CVE-2021-29569
tensorflow/tensorflow,CVE-2021-29573
tensorflow/tensorflow,CVE-2021-29580
tensorflow/tensorflow,CVE-2021-29600
tensorflow/tensorflow,CVE-2021-29512
tensorflow/tensorflow,CVE-2021-29567
tensorflow/tensorflow,CVE-2021-29586
tensorflow/tensorflow,CVE-2021-29525
tensorflow/tensorflow,CVE-2021-29597
tensorflow/tensorflow,CVE-2021-29598
tensorflow/tensorflow,CVE-2021-29594
tensorflow/tensorflow,CVE-2021-29593
tensorflow/tensorflow,CVE-2021-29592
tensorflow/tensorflow,CVE-2021-29596
tensorflow/tensorflow,CVE-2021-29591
tensorflow/tensorflow,CVE-2021-29590
tensorflow/tensorflow,CVE-2021-29588
tensorflow/tensorflow,CVE-2021-29599
tensorflow/tensorflow,CVE-2021-29574
tensorflow/tensorflow,CVE-2021-29562
tensorflow/tensorflow,CVE-2021-29561
tensorflow/tensorflow,CVE-2021-29559
tensorflow/tensorflow,CVE-2021-29557
tensorflow/tensorflow,CVE-2021-29555
tensorflow/tensorflow,CVE-2021-29542
tensorflow/tensorflow,CVE-2021-29570
tensorflow/tensorflow,CVE-2021-29575
tensorflow/tensorflow,CVE-2021-29611
tensorflow/tensorflow,CVE-2021-29612
tensorflow/tensorflow,CVE-2021-29613
tensorflow/tensorflow,CVE-2021-29615
tensorflow/tensorflow,CVE-2021-29619
tensorflow/tensorflow,CVE-2021-29602
tensorflow/tensorflow,CVE-2021-29603
tensorflow/tensorflow,CVE-2021-29604
tensorflow/tensorflow,CVE-2021-29605
tensorflow/tensorflow,CVE-2021-29607
tensorflow/tensorflow,CVE-2021-29606
tensorflow/tensorflow,CVE-2020-26271
tensorflow/tensorflow,CVE-2020-26266
tensorflow/tensorflow,CVE-2020-26268
tensorflow/tensorflow,CVE-2020-26270
tensorflow/tensorflow,CVE-2018-21233
tensorflow/tensorflow,CVE-2020-5215
tensorflow/tensorflow,CVE-2018-10055
tensorflow/tensorflow,CVE-2018-7577
tensorflow/tensorflow,CVE-2018-7575
tensorflow/tensorflow,CVE-2019-9635
tensorflow/tensorflow,CVE-2018-8825
tensorflow/tensorflow,CVE-2018-7576
digitalbazaar/forge,CVE-2022-24773
digitalbazaar/forge,CVE-2022-24772
digitalbazaar/forge,CVE-2022-24771
digitalbazaar/forge,CVE-2020-7720
convos-chat/convos,CVE-2021-42584
neomutt/neomutt,CVE-2020-28896
neomutt/neomutt,CVE-2021-32055
neomutt/neomutt,CVE-2018-14354
neomutt/neomutt,CVE-2018-14357
neomutt/neomutt,CVE-2020-14954
neomutt/neomutt,CVE-2018-14363
neomutt/neomutt,CVE-2018-14349
neomutt/neomutt,CVE-2018-14350
neomutt/neomutt,CVE-2018-14351
neomutt/neomutt,CVE-2018-14352
neomutt/neomutt,CVE-2018-14353
neomutt/neomutt,CVE-2018-14355
neomutt/neomutt,CVE-2018-14356
neomutt/neomutt,CVE-2018-14358
neomutt/neomutt,CVE-2018-14362
neomutt/neomutt,CVE-2018-14361
neomutt/neomutt,CVE-2018-14360
neomutt/neomutt,CVE-2018-14359
keystonejs/keystone,CVE-2021-32624
keystonejs/keystone,CVE-2017-15881
keystonejs/keystone,CVE-2017-16570
keystonejs/keystone,CVE-2017-15879
keystonejs/keystone,CVE-2017-15878
cacti/cacti,CVE-2022-0730
cacti/cacti,CVE-2020-7106
cacti/cacti,CVE-2020-23226
cacti/cacti,CVE-2020-13230
cacti/cacti,CVE-2019-11025
cacti/cacti,CVE-2018-10061
cacti/cacti,CVE-2018-10060
cacti/cacti,CVE-2020-14424
cacti/cacti,CVE-2020-14295
cacti/cacti,CVE-2020-35701
cacti/cacti,CVE-2020-25706
cacti/cacti,CVE-2019-17358
cacti/cacti,CVE-2020-13231
cacti/cacti,CVE-2019-17357
cacti/cacti,CVE-2018-20726
cacti/cacti,CVE-2018-20725
cacti/cacti,CVE-2018-20724
cacti/cacti,CVE-2018-20723
cacti/cacti,CVE-2020-8813
cacti/cacti,CVE-2020-7237
cacti/cacti,CVE-2020-7058
cacti/cacti,CVE-2019-16723
cacti/cacti,CVE-2017-12065
cacti/cacti,CVE-2017-16660
cacti/cacti,CVE-2017-11163
cacti/cacti,CVE-2018-10059
cacti/cacti,CVE-2016-10700
cacti/cacti,CVE-2017-16641
cacti/cacti,CVE-2017-16661
cacti/cacti,CVE-2017-16785
cacti/cacti,CVE-2017-15194
cacti/cacti,CVE-2017-12978
cacti/cacti,CVE-2017-12927
cacti/cacti,CVE-2017-11691
cacti/cacti,CVE-2017-12066
cacti/cacti,CVE-2017-10970
thorsten/phpmyfaq,CVE-2017-15730
thorsten/phpmyfaq,CVE-2017-15727
thorsten/phpmyfaq,CVE-2017-15809
thorsten/phpmyfaq,CVE-2017-15808
thorsten/phpmyfaq,CVE-2017-15729
thorsten/phpmyfaq,CVE-2017-15735
thorsten/phpmyfaq,CVE-2017-15734
thorsten/phpmyfaq,CVE-2017-15733
thorsten/phpmyfaq,CVE-2017-15732
thorsten/phpmyfaq,CVE-2017-15731
thorsten/phpmyfaq,CVE-2017-15728
thorsten/phpmyfaq,CVE-2017-14619
thorsten/phpmyfaq,CVE-2017-7579
michaelrsweet/htmldoc,CVE-2021-43579
michaelrsweet/htmldoc,CVE-2021-40985
michaelrsweet/htmldoc,CVE-2022-0534
michaelrsweet/htmldoc,CVE-2021-23158
michaelrsweet/htmldoc,CVE-2021-23165
michaelrsweet/htmldoc,CVE-2021-23206
michaelrsweet/htmldoc,CVE-2021-23191
michaelrsweet/htmldoc,CVE-2021-23180
michaelrsweet/htmldoc,CVE-2021-26948
michaelrsweet/htmldoc,CVE-2021-26259
michaelrsweet/htmldoc,CVE-2021-20308
michaelrsweet/htmldoc,CVE-2019-19630
bigbluebutton/bigbluebutton,CVE-2020-28953
bigbluebutton/bigbluebutton,CVE-2020-29043
bigbluebutton/bigbluebutton,CVE-2020-29042
bigbluebutton/bigbluebutton,CVE-2020-28954
bigbluebutton/bigbluebutton,CVE-2020-27611
bigbluebutton/bigbluebutton,CVE-2020-25820
bigbluebutton/bigbluebutton,CVE-2020-12113
bigbluebutton/bigbluebutton,CVE-2020-12443
bigbluebutton/bigbluebutton,CVE-2020-12112
gunet/openeclass,CVE-2020-24381
gunet/openeclass,CVE-2017-7389
splitbrain/dokuwiki,CVE-2018-15474
splitbrain/dokuwiki,CVE-2015-2172
splitbrain/dokuwiki,CVE-2017-18123
splitbrain/dokuwiki,CVE-2014-9253
splitbrain/dokuwiki,CVE-2012-2129
splitbrain/dokuwiki,CVE-2017-12979
splitbrain/dokuwiki,CVE-2017-12980
splitbrain/dokuwiki,CVE-2017-12583
splitbrain/dokuwiki,CVE-2016-7964
splitbrain/dokuwiki,CVE-2016-7965
splitbrain/dokuwiki,CVE-2014-8764
splitbrain/dokuwiki,CVE-2014-8763
splitbrain/dokuwiki,CVE-2014-8762
splitbrain/dokuwiki,CVE-2014-8761
emoncms/emoncms,CVE-2021-26716
emoncms/emoncms,CVE-2017-5964
emoncms/emoncms,CVE-2019-1010008
shadow-maint/shadow,CVE-2017-12424
shadow-maint/shadow,CVE-2019-19882
shadow-maint/shadow,CVE-2016-6252
meetecho/janus-gateway,CVE-2020-13899
meetecho/janus-gateway,CVE-2020-13900
meetecho/janus-gateway,CVE-2020-13898
meetecho/janus-gateway,CVE-2020-13901
meetecho/janus-gateway,CVE-2020-14033
meetecho/janus-gateway,CVE-2020-14034
meetecho/janus-gateway,CVE-2020-10575
meetecho/janus-gateway,CVE-2020-10573
meetecho/janus-gateway,CVE-2020-10574
meetecho/janus-gateway,CVE-2020-10577
meetecho/janus-gateway,CVE-2020-10576
patrowl/patrowlmanager,CVE-2021-43829
patrowl/patrowlmanager,CVE-2021-43828
humhub/humhub,CVE-2021-43847
humhub/humhub,CVE-2019-9093
humhub/humhub,CVE-2019-9094
humhub/humhub,CVE-2014-9528
humhub/humhub,CVE-2016-1229
phpservermon/phpservermon,CVE-2018-18921
nltk/nltk,CVE-2021-43854
nltk/nltk,CVE-2019-14751
croatiacontrolltd/asterix,CVE-2021-44144
elgg/elgg,CVE-2019-11016
elgg/elgg,CVE-2013-0234
frontaccountingerp/fa,CVE-2020-21244
frontaccountingerp/fa,CVE-2018-1000890
frontaccountingerp/fa,CVE-2019-5720
kevinpapst/kimai2,CVE-2019-15481
wbce/wbce_cms,CVE-2017-1000213
firefly-iii/firefly-iii,CVE-2019-14671
firefly-iii/firefly-iii,CVE-2019-14672
firefly-iii/firefly-iii,CVE-2019-14667
firefly-iii/firefly-iii,CVE-2019-14668
firefly-iii/firefly-iii,CVE-2019-14669
firefly-iii/firefly-iii,CVE-2019-14670
firefly-iii/firefly-iii,CVE-2019-13647
firefly-iii/firefly-iii,CVE-2019-13646
firefly-iii/firefly-iii,CVE-2019-13645
firefly-iii/firefly-iii,CVE-2019-13644
invoiceninja/invoiceninja,CVE-2021-33898
invoiceninja/invoiceninja,CVE-2017-1000466
leantime/leantime,CVE-2020-5292
pterodactyl/panel,CVE-2021-41273
pterodactyl/panel,CVE-2021-41176
pterodactyl/panel,CVE-2021-41129
pterodactyl/panel,CVE-2019-1020002
eventum/eventum,CVE-2018-11569
eventum/eventum,CVE-2018-12628
eventum/eventum,CVE-2018-12623
eventum/eventum,CVE-2018-12625
eventum/eventum,CVE-2018-12626
eventum/eventum,CVE-2018-12622
eventum/eventum,CVE-2018-12627
eventum/eventum,CVE-2018-12621
eventum/eventum,CVE-2018-12624
eventum/eventum,CVE-2018-16761
misp/misp-maltego,CVE-2020-12889
galette/galette,CVE-2021-41260
galette/galette,CVE-2021-41261
galette/galette,CVE-2021-41262
galette/galette,CVE-2021-21319
ohmyzsh/ohmyzsh,CVE-2021-3769
ohmyzsh/ohmyzsh,CVE-2021-3727
ohmyzsh/ohmyzsh,CVE-2021-3726
ohmyzsh/ohmyzsh,CVE-2021-3725
baijunyao/laravel-bjyblog,CVE-2019-17494
archerysec/archerysec,CVE-2019-20008
hoene/libmysofa,CVE-2020-6860
hoene/libmysofa,CVE-2020-36150
hoene/libmysofa,CVE-2020-36152
hoene/libmysofa,CVE-2020-36151
hoene/libmysofa,CVE-2020-36149
hoene/libmysofa,CVE-2020-36148
hoene/libmysofa,CVE-2019-16095
hoene/libmysofa,CVE-2019-16094
hoene/libmysofa,CVE-2019-16093
hoene/libmysofa,CVE-2019-16092
hoene/libmysofa,CVE-2019-16091
hoene/libmysofa,CVE-2019-20016
hoene/libmysofa,CVE-2019-20063
hoene/libmysofa,CVE-2019-10672
zyantific/zydis,CVE-2021-41253
filebrowser/filebrowser,CVE-2021-46398
filebrowser/filebrowser,CVE-2021-37794
filebrowser/filebrowser,CVE-2018-13980
simplcommerce/simplcommerce,CVE-2020-29587
shopware/shopware,CVE-2022-21651
shopware/shopware,CVE-2022-21652
shopware/shopware,CVE-2021-41188
shopware/shopware,CVE-2021-32712
shopware/shopware,CVE-2021-32713
shopware/shopware,CVE-2016-3109
blogifierdotnet/blogifier,CVE-2019-12277
flatpressblog/flatpress,CVE-2020-22761
ampache/ampache,CVE-2021-32644
ampache/ampache,CVE-2020-15153
ampache/ampache,CVE-2021-21399
pkp/pkp-lib,CVE-2022-24181
pkp/pkp-lib,CVE-2019-19909
pkp/pkp-lib,CVE-2018-12588
pkp/pkp-lib,CVE-2018-12229
chevereto/chevereto-free,CVE-2018-12030
craigk5n/webcalendar,CVE-2017-10840
craigk5n/webcalendar,CVE-2017-10841
flatcore/flatcore-cms,CVE-2021-39608
flatcore/flatcore-cms,CVE-2021-39609
flatcore/flatcore-cms,CVE-2021-23838
flatcore/flatcore-cms,CVE-2021-23837
flatcore/flatcore-cms,CVE-2021-23836
flatcore/flatcore-cms,CVE-2021-23835
flatcore/flatcore-cms,CVE-2019-13961
flatcore/flatcore-cms,CVE-2019-10652
flatcore/flatcore-cms,CVE-2017-1000428
flatcore/flatcore-cms,CVE-2017-9451
flatcore/flatcore-cms,CVE-2017-8868
flatcore/flatcore-cms,CVE-2017-7879
flatcore/flatcore-cms,CVE-2017-7878
flatcore/flatcore-cms,CVE-2017-7877
spiral-project/ihatemoney,CVE-2020-15120
ledgersmb/ledgersmb,CVE-2021-3694
weseek/growi,CVE-2020-5682
weseek/growi,CVE-2021-20619
weseek/growi,CVE-2020-5683
weseek/growi,CVE-2020-5676
weseek/growi,CVE-2020-5677
weseek/growi,CVE-2020-5678
netdisco/netdisco,CVE-2019-15810
anonaddy/anonaddy,CVE-2021-42216
erikdubbelboer/phpredisadmin,CVE-2020-27163
froxlor/froxlor,CVE-2021-42325
froxlor/froxlor,CVE-2020-10235
froxlor/froxlor,CVE-2018-1000527
froxlor/froxlor,CVE-2020-10236
froxlor/froxlor,CVE-2018-12642
froxlor/froxlor,CVE-2015-5959
froxlor/froxlor,CVE-2016-5100
sbrl/pepperminty-wiki,CVE-2017-1000497
osticket/osticket,CVE-2020-22609
osticket/osticket,CVE-2020-22608
osticket/osticket,CVE-2020-24881
osticket/osticket,CVE-2020-24917
osticket/osticket,CVE-2020-16193
osticket/osticket,CVE-2019-14749
osticket/osticket,CVE-2020-14012
osticket/osticket,CVE-2020-12629
osticket/osticket,CVE-2014-4744
osticket/osticket,CVE-2019-14748
osticket/osticket,CVE-2019-14750
osticket/osticket,CVE-2019-11537
osticket/osticket,CVE-2015-1176
osticket/osticket,CVE-2015-1347
sylius/sylius,CVE-2022-24752
sylius/sylius,CVE-2022-24742
sylius/sylius,CVE-2022-24733
sylius/sylius,CVE-2022-24749
sylius/sylius,CVE-2022-24743
sylius/sylius,CVE-2020-15146
sylius/sylius,CVE-2020-15143
sylius/sylius,CVE-2020-15245
sylius/sylius,CVE-2021-32720
sylius/sylius,CVE-2020-5218
sylius/sylius,CVE-2020-5220
sylius/sylius,CVE-2019-12186
sylius/sylius,CVE-2019-16768
trentm/python-markdown2,CVE-2021-26813
trentm/python-markdown2,CVE-2020-11888
trentm/python-markdown2,CVE-2018-5773
agentejo/cockpit,CVE-2020-35848
agentejo/cockpit,CVE-2020-35847
agentejo/cockpit,CVE-2020-35846
agentejo/cockpit,CVE-2020-35131
agentejo/cockpit,CVE-2020-14408
josdejong/jsoneditor,CVE-2020-23849
justingit/dada-mail,CVE-2021-41083
zoujingli/thinkadmin,CVE-2020-35296
zoujingli/thinkadmin,CVE-2020-23653
zoujingli/thinkadmin,CVE-2020-29315
zoujingli/thinkadmin,CVE-2020-25540
zoujingli/thinkadmin,CVE-2019-11018
mariocasciaro/object-path,CVE-2021-23434
prismjs/prism,CVE-2021-32723
prismjs/prism,CVE-2022-23647
prismjs/prism,CVE-2021-23341
prismjs/prism,CVE-2020-15138
wwbn/avideo,CVE-2020-23489
wwbn/avideo,CVE-2020-23490
wwbn/avideo,CVE-2021-21286
bigprof-software/online-invoicing-system,CVE-2021-27839
bigprof-software/online-invoicing-system,CVE-2021-21260
bigprof-software/online-invoicing-system,CVE-2020-35676
jonschlinkert/set-value,CVE-2021-23440
pi-hole/adminlte,CVE-2021-41175
pi-hole/adminlte,CVE-2021-32793
pi-hole/adminlte,CVE-2021-32706
pi-hole/adminlte,CVE-2020-14971
pi-hole/adminlte,CVE-2021-29448
pi-hole/adminlte,CVE-2020-35659
pi-hole/adminlte,CVE-2020-8816
pi-hole/adminlte,CVE-2019-13051
btcpayserver/btcpayserver,CVE-2021-29251
btcpayserver/btcpayserver,CVE-2021-29248
btcpayserver/btcpayserver,CVE-2021-29247
btcpayserver/btcpayserver,CVE-2021-29246
btcpayserver/btcpayserver,CVE-2021-29245
btcpayserver/btcpayserver,CVE-2021-29250
btcpayserver/btcpayserver,CVE-2021-29249
yourls/yourls,CVE-2020-27388
yourls/yourls,CVE-2019-14537
mailcow/mailcow-dockerized,CVE-2017-8928
clientio/joint,CVE-2021-23444
clientio/joint,CVE-2020-28480
clientio/joint,CVE-2020-28479
myvesta/vesta,CVE-2021-28379
yogeshojha/rengine,CVE-2021-39491
yogeshojha/rengine,CVE-2021-38606
slackero/phpwcms,CVE-2020-21784
slackero/phpwcms,CVE-2017-15872
immerjs/immer,CVE-2021-23436
immerjs/immer,CVE-2020-28477
axios/axios,CVE-2019-10742
axios/axios,CVE-2020-28168
forkcms/library,CVE-2019-15521
apostrophecms/apostrophe,CVE-2021-25979
apostrophecms/apostrophe,CVE-2021-25978
serghey-rodin/vesta,CVE-2021-43693
serghey-rodin/vesta,CVE-2018-1000884
serghey-rodin/vesta,CVE-2019-12792
serghey-rodin/vesta,CVE-2019-12791
serghey-rodin/vesta,CVE-2019-9841
serghey-rodin/vesta,CVE-2018-10686
serghey-rodin/vesta,CVE-2015-2861
easysoft/zentaopms,CVE-2019-14731
yiisoft/yii2,CVE-2020-15148
yiisoft/yii2,CVE-2018-6010
yiisoft/yii2,CVE-2018-20745
yiisoft/yii2,CVE-2018-6009
yiisoft/yii2,CVE-2017-11516
yiisoft/yii2,CVE-2017-7271
yiisoft/yii2,CVE-2015-3397
postfixadmin/postfixadmin,CVE-2017-5930
francoisjacquet/rosariosis,CVE-2021-44567
francoisjacquet/rosariosis,CVE-2021-44566
francoisjacquet/rosariosis,CVE-2021-44565
francoisjacquet/rosariosis,CVE-2021-44427
francoisjacquet/rosariosis,CVE-2020-13278
francoisjacquet/rosariosis,CVE-2020-15718
francoisjacquet/rosariosis,CVE-2020-15717
francoisjacquet/rosariosis,CVE-2020-15716
francoisjacquet/rosariosis,CVE-2020-15721
mrchuckomo/poddycast,CVE-2021-32772
lavv17/lftp,CVE-2018-10916
monicahq/monica,CVE-2021-27370
monicahq/monica,CVE-2021-27559
monicahq/monica,CVE-2021-27371
monicahq/monica,CVE-2021-27369
monicahq/monica,CVE-2021-27368
laravel/framework,CVE-2020-19316
laravel/framework,CVE-2021-43808
laravel/framework,CVE-2021-43617
laravel/framework,CVE-2021-21263
laravel/framework,CVE-2018-6330
laravel/framework,CVE-2017-14775
thoughtbot/administrate,CVE-2020-5257
phpmailer/phpmailer,CVE-2016-10033
phpmailer/phpmailer,CVE-2016-10045
phpmailer/phpmailer,CVE-2021-34551
phpmailer/phpmailer,CVE-2020-36326
phpmailer/phpmailer,CVE-2018-19296
phpmailer/phpmailer,CVE-2020-13625
phpmailer/phpmailer,CVE-2017-11503
phpmailer/phpmailer,CVE-2008-5619
phpmailer/phpmailer,CVE-2018-7662
phpmailer/phpmailer,CVE-2017-5223
phpmailer/phpmailer,CVE-2015-8476
hascheksolutions/pictshare,CVE-2021-43683
rockcarry/ffjpeg,CVE-2021-34122
rockcarry/ffjpeg,CVE-2021-45385
rockcarry/ffjpeg,CVE-2021-44957
rockcarry/ffjpeg,CVE-2021-44956
rockcarry/ffjpeg,CVE-2020-23705
rockcarry/ffjpeg,CVE-2020-23851
rockcarry/ffjpeg,CVE-2020-23852
rockcarry/ffjpeg,CVE-2018-16781
rockcarry/ffjpeg,CVE-2019-16352
rockcarry/ffjpeg,CVE-2020-15470
rockcarry/ffjpeg,CVE-2020-13438
rockcarry/ffjpeg,CVE-2020-13439
rockcarry/ffjpeg,CVE-2020-13440
rockcarry/ffjpeg,CVE-2019-19887
rockcarry/ffjpeg,CVE-2019-19888
rockcarry/ffjpeg,CVE-2019-16351
rockcarry/ffjpeg,CVE-2019-16350
mailtrain-org/mailtrain,CVE-2020-24617
koel/koel,CVE-2021-33563
ionicabizau/set-or-get.js,CVE-2021-25913
dominictarr/libnested,CVE-2022-25352
badopcode/nodash,CVE-2021-23403
phplist/phplist3,CVE-2020-23361
phplist/phplist3,CVE-2020-22251
phplist/phplist3,CVE-2020-23209
phplist/phplist3,CVE-2020-23208
phplist/phplist3,CVE-2020-23207
phplist/phplist3,CVE-2020-23190
phplist/phplist3,CVE-2020-23214
phplist/phplist3,CVE-2020-23217
phplist/phplist3,CVE-2020-23192
phplist/phplist3,CVE-2020-23194
phplist/phplist3,CVE-2020-36398
phplist/phplist3,CVE-2020-36399
phplist/phplist3,CVE-2020-12639
octobercms/library,CVE-2022-21705
octobercms/library,CVE-2020-15246
octobercms/library,CVE-2021-32648
octobercms/library,CVE-2021-29487
octobercms/library,CVE-2021-21265
octobercms/library,CVE-2021-3311
octobercms/library,CVE-2020-15249
octobercms/library,CVE-2020-5299
octobercms/library,CVE-2020-15128
octobercms/library,CVE-2017-15284
demon1a/discord-recon,CVE-2021-29461
demon1a/discord-recon,CVE-2021-29465
demon1a/discord-recon,CVE-2021-29466
demon1a/discord-recon,CVE-2021-21433
flitbit/json-ptr,CVE-2021-23509
flitbit/json-ptr,CVE-2020-7766
axiomatic-systems/bento4,CVE-2022-27607
axiomatic-systems/bento4,CVE-2021-32265
axiomatic-systems/bento4,CVE-2018-10790
axiomatic-systems/bento4,CVE-2020-23334
axiomatic-systems/bento4,CVE-2020-23333
axiomatic-systems/bento4,CVE-2020-23331
axiomatic-systems/bento4,CVE-2020-23332
axiomatic-systems/bento4,CVE-2020-23330
axiomatic-systems/bento4,CVE-2020-21066
axiomatic-systems/bento4,CVE-2021-35307
axiomatic-systems/bento4,CVE-2021-35306
axiomatic-systems/bento4,CVE-2020-19722
axiomatic-systems/bento4,CVE-2020-19717
axiomatic-systems/bento4,CVE-2020-19718
axiomatic-systems/bento4,CVE-2020-19719
axiomatic-systems/bento4,CVE-2020-19720
axiomatic-systems/bento4,CVE-2020-19721
axiomatic-systems/bento4,CVE-2020-23912
axiomatic-systems/bento4,CVE-2019-13238
axiomatic-systems/bento4,CVE-2019-15048
axiomatic-systems/bento4,CVE-2019-17528
axiomatic-systems/bento4,CVE-2019-6132
axiomatic-systems/bento4,CVE-2019-6966
axiomatic-systems/bento4,CVE-2019-7697
axiomatic-systems/bento4,CVE-2019-7698
axiomatic-systems/bento4,CVE-2019-7699
axiomatic-systems/bento4,CVE-2019-20090
axiomatic-systems/bento4,CVE-2019-20091
axiomatic-systems/bento4,CVE-2019-20092
axiomatic-systems/bento4,CVE-2019-17529
axiomatic-systems/bento4,CVE-2019-17530
axiomatic-systems/bento4,CVE-2019-17452
axiomatic-systems/bento4,CVE-2019-17454
axiomatic-systems/bento4,CVE-2019-17453
axiomatic-systems/bento4,CVE-2017-14639
axiomatic-systems/bento4,CVE-2017-14643
axiomatic-systems/bento4,CVE-2017-14646
axiomatic-systems/bento4,CVE-2018-13846
axiomatic-systems/bento4,CVE-2018-14445
axiomatic-systems/bento4,CVE-2018-14532
axiomatic-systems/bento4,CVE-2018-14584
axiomatic-systems/bento4,CVE-2018-14585
axiomatic-systems/bento4,CVE-2018-14587
axiomatic-systems/bento4,CVE-2018-14588
axiomatic-systems/bento4,CVE-2018-14589
axiomatic-systems/bento4,CVE-2018-20095
axiomatic-systems/bento4,CVE-2018-20407
axiomatic-systems/bento4,CVE-2018-20408
axiomatic-systems/bento4,CVE-2018-20409
axiomatic-systems/bento4,CVE-2018-20659
axiomatic-systems/bento4,CVE-2018-5253
axiomatic-systems/bento4,CVE-2019-16349
axiomatic-systems/bento4,CVE-2019-15050
axiomatic-systems/bento4,CVE-2019-15047
axiomatic-systems/bento4,CVE-2019-15049
axiomatic-systems/bento4,CVE-2019-13959
axiomatic-systems/bento4,CVE-2019-9544
axiomatic-systems/bento4,CVE-2019-8378
axiomatic-systems/bento4,CVE-2019-8382
axiomatic-systems/bento4,CVE-2019-8380
axiomatic-systems/bento4,CVE-2018-20186
axiomatic-systems/bento4,CVE-2018-20502
axiomatic-systems/bento4,CVE-2018-14531
axiomatic-systems/bento4,CVE-2018-14545
axiomatic-systems/bento4,CVE-2018-14544
axiomatic-systems/bento4,CVE-2018-14543
axiomatic-systems/bento4,CVE-2017-12475
axiomatic-systems/bento4,CVE-2017-14260
axiomatic-systems/bento4,CVE-2018-14586
axiomatic-systems/bento4,CVE-2018-14590
axiomatic-systems/bento4,CVE-2018-13848
axiomatic-systems/bento4,CVE-2018-13847
axiomatic-systems/bento4,CVE-2017-14642
axiomatic-systems/bento4,CVE-2017-14641
axiomatic-systems/bento4,CVE-2017-14640
axiomatic-systems/bento4,CVE-2017-14638
axiomatic-systems/bento4,CVE-2017-14261
axiomatic-systems/bento4,CVE-2017-14257
axiomatic-systems/bento4,CVE-2017-14259
axiomatic-systems/bento4,CVE-2017-14258
axiomatic-systems/bento4,CVE-2017-12474
axiomatic-systems/bento4,CVE-2017-12476
trentm/json,CVE-2020-7712
sebhildebrandt/systeminformation,CVE-2020-26300
sebhildebrandt/systeminformation,CVE-2020-7752
sebhildebrandt/systeminformation,CVE-2020-26274
sebhildebrandt/systeminformation,CVE-2020-26245
sebhildebrandt/systeminformation,CVE-2020-7778
maxsite/cms,CVE-2022-25413
maxsite/cms,CVE-2022-25412
maxsite/cms,CVE-2022-25411
maxsite/cms,CVE-2022-25410
maxsite/cms,CVE-2021-27983
maxsite/cms,CVE-2021-35265
aheckmann/mquery,CVE-2020-35149
blackcatdevelopment/blackcatcms,CVE-2020-25453
blackcatdevelopment/blackcatcms,CVE-2020-25878
blackcatdevelopment/blackcatcms,CVE-2020-25877
blackcatdevelopment/blackcatcms,CVE-2021-27237
blackcatdevelopment/blackcatcms,CVE-2018-10821
blackcatdevelopment/blackcatcms,CVE-2017-9609
automattic/mongoose,CVE-2019-17426
js-data/js-data,CVE-2021-23574
facebook/create-react-app,CVE-2018-6342
totaljs/framework,CVE-2021-32831
totaljs/framework,CVE-2020-28494
totaljs/framework,CVE-2021-23390
totaljs/framework,CVE-2021-23389
totaljs/framework,CVE-2021-23344
totaljs/framework,CVE-2020-28495
totaljs/framework,CVE-2019-8903
facebookresearch/parlai,CVE-2021-24040
facebookresearch/parlai,CVE-2021-39207
thi-ng/umbrella,CVE-2021-21412
svaarala/duktape,CVE-2021-46322
kekingcn/kkfileview,CVE-2021-43734
asaianudeep/deep-override,CVE-2021-25941
arachnys/cabot,CVE-2020-7734
evangelion1204/multi-ini,CVE-2020-28460
b-heilman/bmoor,CVE-2021-23558
sonnyp/json8,CVE-2020-7770
domharrington/node-gitlog,CVE-2021-26541
locutusjs/locutus,CVE-2021-23392
